,URL
3,https://www.gokennebunks.com/pages/members/covid-19-resources-for-businesses
6,https://www.ajmc.com/focus-of-the-week/covid19-risk-demonstrates-importance-of-keeping-diabetes-under-control-
14,https://whtt.podbean.com/e/the-money-war-and-the-covid-19-virus-crisis/
25,https://www.vox.com/world/2020/3/27/21196246/coronavirus-germany-death-rate-covid-19-cases-italy-europe
28,https://abc30.com/business/farmersville-marijuana-dispensary-staying-open-during-covid-19-outbreak/6048152/
38,https://alternativeafrica.com/2020/03/28/afdb-raises-record-breaking-3-billion-to-help-africa-alleviate-economic-social-impact-of-covid-19-pandemic/
46,https://artvoice.com/2020/03/27/house-approval-of-third-covid-19-emergency-package-here-are-the-details-of-money-disbursement-plan/
63,https://thelogic.co/news/special-report/breaking-down-ottawas-new-measures-to-help-small-businesses-with-covid-19/
72,https://cio.economictimes.indiatimes.com/news/next-gen-technologies/how-aster-dm-is-using-ai-to-amplify-healthcare-to-combat-covid-19/74839367
77,https://community.shopify.com/c/forums/filteredbylabelpage/board-id/payments-shipping-fulfilment/label-name/covid-19
130,https://ghanaonlinenews.com/hotels-demonstrate-readiness-to-fight-covid-19-in-takoradi/
151,https://internationalschoolsreviewdiscuss.wordpress.com/2020/03/26/your-job-in-the-shadow-of-covid-19/
158,https://jdcorporateblog.com/vox-important-role-of-jds-supply-chain-in-covid-19-fight/
161,https://money.stackexchange.com/questions/122122/how-or-should-i-repay-debt-during-covid-19
183,https://loyaltytraveler.boardingarea.com/2020/03/17/when-has-arrived-impact-of-covid-19-in-hotel-data/
195,https://meconstructionnews.com/40059/coronavirus-asgc-outlines-steps-taken-to-limit-impact-of-covid-19
197,https://thecolumbuspage.com/covid-19-resources-for-businesses/
205,https://mobecls.com/covid-19-putting-money-in-ecommerce-effectively/
212,https://msbusiness.com/2020/03/mississippis-home-sales-aided-by-shrinking-inventory-amid-covid-19-crisis/
219,https://www.networkworld.com/article/3534037/rolling-update-the-impact-of-covid-19-on-public-networks-and-security
221,https://sa.kapamilya.com/absnews/abscbnnews/media/2020/business/03/25/20200317-covid-lockdown-fsj-9303-
249,https://purefinancial.com/learning-center/blog/covid-19-response/
254,https://realty.economictimes.indiatimes.com/news/industry/covid-19-may-worsen-woes-of-residential-real-estate-sector-icra/74857232
296,https://tubagbohol.mikeligalig.com/press-release/loan-payment-extension-urged-due-to-covid-19/msg662596/
301,https://urbanmilwaukee.com/2020/03/26/milwaukee-metro-area-ranks-6th-nationally-for-covid-19-case-rate/
302,https://virginiajim.wordpress.com/2020/03/20/media-mining-digest-435-acid-rain-bitcoin-uses-boarder-wall-with-mexico-cephalopods-chinese-ai-impact-covid-19-conversations-crime-analysis-data-breaches-forensics-data-breaches-in-healthcare/
317,https://wtmarketing.com/blog/how-to-pivot-your-business-in-the-time-of-covid-19/
327,https://www.ageofautism.com/2020/03/while-world-panics-over-covid-19-cdcs-official-autism-rate-rises-10-from-2006-to-2008-birth-years-1
328,https://www.airlineratings.com/news/us-airlines-still-waiting-for-crucial-covid-19-stimulus-package/
334,https://www.apexmagnets.com/news-how-tos/covid-19-essential-business-update/
407,https://actualidad.rt.com/video/347714-covid-19-provoca-graves-danos-economicos-todo-mundo
415,https://www.fbm.com/publications/litigation-management-checklist-in-the-time-of-covid-19/
444,https://www.hawaiibusiness.com/covid-19-ficoh/
468,https://resources.jdsupra.com/allposts/lawyers-and-law-firms-be-strategic-about-your-covid-19-guidance-insights-commentary
482,https://www.ktnv.com/covid19impact
490,https://www.lewrockwell.com/lrc-blog/thomas-massie-on-why-he-fought-for-recorded-vote-on-2-trillion-covid-19-stimulus-3-27-20/
526,https://www.northernvirginiamag.com/food/food-news/2020/03/20/local-restaurant-owners-share-how-covid-19-is-affecting-business/
542,https://www.positivelyosceola.com/heres-a-list-of-highlights-of-2-2-trillion-economic-stimulus-package-to-aid-u-s-in-covid-19-recovery/
553,https://rlc.randstadusa.com/for-business/covid-19
577,https://www.snopes.com/fact-check/nostradamus-covid-19/
582,https://www.southernstandard.com/tennessee-covid-19-updates/trump-signs-22t-stimulus-after-swift-congressional-votes/
625,https://www.youredm.com/2020/03/27/pasquale-rotella-pauses-edc-layaway-autopayments-during-covid-19-in-deleted-tweet/
630,https://wzakcleveland.com/3921190/benedict-college-staff-raised-money-to-get-over-100-struggling-students-home-amid-covid-19-outbreak/
631,https://business.nikkei.com/covid19/
658,https://www.financialexpress.com/lifestyle/health/pune-start-up-makes-affordable-accessible-covid-19-test-kit/1908524/
659,https://www.anna.aero/2020/03/25/consultants-corner-covid-19-and-the-impact-on-us-airlines/
680,https://content-na2.emarketer.com/podcast-how-covid-19-might-impact-ad-spending
683,https://babylonradio.com/paying-attention-to-relaxation-best-secrets-to-meditate-under-covid-19/
690,https://www.wendyslookbook.com/2020/03/covid-19-small-business-grants/
713,https://cmrconstruction.com/business-update-to-coronavirus-covid-19/
714,https://cnnespanol2.files.wordpress.com/2020/03/200319183713-coronavirus-economia-impacto-finanzas-covid-mexico-imef-angel-garcia-perspectivas-mexico-cnne-entrevista-00000000-full-169-1
717,https://community.cisco.com/t5/cisco-cafe-blogs/supporting-business-continuity-during-the-covid-19-pandemic/ba-p/4045096
729,https://delawarebusinesstimes.com/news/malls-casinos-covid19/
740,https://economicconfidential.com/2020/03/cbn-dangote-n120bn-covid19-fund/
748,https://elpeatonve.wordpress.com/2020/03/25/presidente-maduro-estrategia-contra-covid-19-mantiene-plana-curva-de-expansion/
750,https://employmentrightsireland.com/the-emergency-measures-in-the-public-interest-covid-19-act-2020-important-employment-law-changes/
779,https://generalliabilityinsure.com/small-business/covid-19-small-business-insurance-survival-guide
790,https://iamondemand.com/blog/update-on-iod-during-covid-19-business-as-usual-no-delays/
821,https://lawyers.lawyerlegion.com/insights/business-interruption-insurance-covid-19-what-does-it-mean-to-small-businesses-everywhere-143
837,https://luxurylaunches.com/travel/coronavirus-insurance-this-vietnamese-airline-will-pay-you-8470-if-you-catch-covid-19-after-flying-with-them
864,https://naijaxtreme.com/nigeria-will-go-into-recession-if-covid-19-continues-beyond-six-months-finance-minister-zainab-ahamed/
885,https://online-sales-marketing.com/business-as-usual-despite-covid-19/
902,https://realmoney.thestreet.com/investing/stocks/covid-19-response-small-business-and-consumers-2-stocks-to-trade-15268828
907,https://resources.vibes.com/blog/how-vibes-free-sms-solution-can-help-brands-better-communicate-with-impacted-employees-during-covid-19
910,https://robertmaizel.com/2020/03/17/coronavirus-covid-19-and-employment/
919,https://silverbirdtv.com/businesseconomy/72040/covid-19-stay-at-home-lagos-govt-distributes-food-items-to-residents/
923,https://softwarestrategiesblog.com/2020/03/25/covid-19s-impact-on-tech-spending-this-year/
931,https://stuartbramhall.wordpress.com/2020/03/27/the-silver-lining-of-the-covid-caused-recession-is-supra-economic/
938,https://talk.collegeconfidential.com/student-louge/2179552-how-covid-19-is-impacting-college-admissions-webinar-on-apr-3
940,https://tec21connect.com/covid-19-impact
941,https://telecom.economictimes.indiatimes.com/news/covid-19-cert-in-says-spurt-in-cyberattacks-on-personal-comps-since-work-from-home-protocol-began/74858356
1005,https://www.algerie360.com/la-reponse-strategique-du-groupe-emirates-au-covid-19/
1022,https://www.biometricupdate.com/202003/biometric-checks-and-facial-recognition-payments-to-support-social-distancing-fight-spread-of-covid-19
1026,https://www.bodyshopbusiness.com/suburban-manufacturing-group-remains-fully-operational-during-covid-19/
1036,https://www.canadianinvestor.com/2020/03/27/what-trudeau-is-offering-small-businesses-struggling-amid-covid-19/
1037,https://www.careersinfosecurity.com/covid19-remote-workforce-security-strategies-a-14012
1040,https://www.channelnewsasia.com/news/business/china-cleans-banknotes-stop-covid19-spread-12438254
1049,https://www.columbusunderground.com/ohio-creative-community-devastated-by-economic-impact-of-covid-19-tm1
1083,https://www.exchangewire.com/blog/2020/03/12/covid-19-insights-on-travel-impact/
1085,https://www.filters.com/open-for-business-covid-19-update/
1089,https://www.forbes.com/sites/jennifertescher/2020/03/27/checks-wont-cut-it-getting-covid-19-relief-to-the-most-vulnerable/
1114,https://www.impartialtruth.com/the-truth-behind-coronavirus-pandemic-covid-19-lockdown-the-economic-crash-david-icke-interview/
1117,https://www.goconifer.com/covid-19-business-resources
1121,https://www.irishtimes.com/business/economy/uk-needs-to-be-honest-about-its-covid-19-strategy-1
1148,https://www.michaeljamesonmoney.com/2020/03/short-takes-covid-19-and-life-insurance
1153,https://www.mw-w.com/coronavirus-covid-19-guidance-for-employees-employers-and-businesses
1180,https://www.paymenteye.com/2020/03/16/covid-19-our-action-plan/
1195,https://www.reputex.com/research-insights/update-short-and-long-term-accu-spot-price-impacts-of-covid-19/
1256,https://www.vidaeconomica.com/2020/03/entidades-sociales-covid19/
1263,https://www.wispolitics.com/2020/wisopinion-com-the-insiders-discuss-covid-19s-impact-on-politics/
1278,https://thesoapyviolinist.blogspot.com/2020/03/on-loosing-my-job-covid19
1308,https://api.careerarc.com/job-listing/holy-name-medical-center-jobs-temporary-employment-clinical-and-non-clinical-covid-19-support-32100208
1311,https://badcocksfl.com/corporate-statement-on-covid-19
1312,https://balanceoffood.typepad.com/canadian_crossing/2020/03/how-covid-19-is-impacting-canadian-sports
1348,https://cloudblogs.microsoft.com/dynamics365/bdm/2020/03/26/resources-and-support-for-our-global-customers-impacted-by-covid-19/
1354,https://commercialobserver.com/2020/03/nareits-calvin-schnure-on-covid-19s-impact-on-reits-and-whats-next/
1357,https://community.thegrimescene.com/topic/24538-cleaning-my-jobsite-during-covid-19-crisis/
1383,https://economictimes.indiatimes.com/wealth/personal-finance-news/covid-19-impact-what-rbis-emergency-rate-cut-means-for-your-loans-fixed-deposit-investors/articleshow/74840553
1385,https://elcomerciodecolorado.com/impacto-del-covid-19-en-la-salud-mental/
1423,https://eufrosin.wordpress.com/2020/03/27/credeti-ca-criza-covid-19-e-rea-e-doar-o-gluma-fata-de-ce-urmeaza-prabusirea-economica/
1435,https://integratedorthopedicsaz.com/covid-19-an-important-note-to-our-patients/
1439,https://jsinternationalmedia.com/business/covid-19-foreign-trade-policy-may-get-extended/
1450,https://lamuelapositiva.wordpress.com/2020/03/27/el-ayuntamiento-de-lamuela-convoca-ayudas-directas-a-las-vecinas-y-a-los-vecinos-de-nuestro-pueblo-para-paliar-la-crisis-economica-del-covid-19-coronavirus-por-importe-de-600-000-e/
1486,https://newbusinessethiopia.com/health/covid-19-ethiopia-releases-over-4000-prisoners/
1545,https://strategizingtaxrisks.com/2020/03/21/asc740covid-19-impact/
1574,https://variety.com/2020/film/news/apa-salary-cuts-covid-19-1203547876/
1584,https://warontherocks.com/2020/03/covid-19s-painful-lesson-about-strategy-and-power/
1593,https://www.adexchanger.com/online-advertising/w3c-business-group-will-petition-google-to-postpone-killing-third-party-cookies-in-chrome-due-to-covid-19/
1619,https://www.benefitspro.com/2020/03/25/how-investors-advisors-and-sponsors-are-navigating-covid-19/
1628,https://www.bowie-jensen.com/2020/03/federal-and-state-covid-19-emergency-business-relief-programs/
1634,https://www.campuswheelworks.com/blogs/shop-news/campus-covid-19-business-update/
1662,https://www.designhill.com/design-blog/how-can-small-businesses-can-survive-the-covid-19-outbreak/
1667,https://blogs.dmba.com/provider/2020/03/27/important-covid-19-benefit-information/
1681,https://www.energyservicesexperts.com/2020/03/27/afrique-le-covid-19-frappe-durement-les-pays-producteurs-de-petrole/
1690,https://www.financialtechnologytoday.com/category/covid-19/
1691,https://www.flightglobal.com/business-aviation/analyst-hopeful-that-business-aviation-is-better-prepared-for-covid-19-downturn-than-2008-crisis/137549
1724,https://www.jaynestars.com/news/hana-kuk-is-financially-stressed-due-to-covid-19/
1750,https://www.morethanshipping.com/how-to-conduct-business-as-usual-virtually-during-the-time-of-covid-19/
1769,https://www.philstar.com/lifestyle/business-life/2020/03/24/2002922/oneagainstcovid19-support-relief-efforts-raise-funds-paymaya
1776,https://www.printweek.com/news/article/covid-19-useful-information-for-print-businesses
1785,https://www.refrigeratedfrozenfood.com/articles/99125-sysco-to-donate-25-million-meals-in-response-to-covid-19-pandemic
1806,https://www.smallgroupnetwork.com/10-checkpoints-to-know-if-your-small-group-ministry-is-healthy-during-covid-19/
1816,https://www.sovalaw.com/covid-19-new-jersey-paid-benefits-for-employees/
1831,https://www.tannerdewitt.com/covid-19-hong-kong-employment/
1859,https://www.xendoo.com/covid-19-resources-for-small-businesses/
1892,https://1erimpacto.com/2020/03/23/padre-de-joven-muere-hace-15-horas-por-covid19-y-ministerio-no-retira-el-cadaver/
1901,https://ally-law.com/us-senate-unanimously-approves-historic-2t-covid-19-stimulus-bill/
1929,https://berthoudeconomicdevelopment.com/covid-19-resources/
1936,https://broadwayradio.com/blog/2020/03/21/broadwayradio-special-oliver-roth-on-how-covid-19-will-impact-broadways-future/
1950,https://catatankecilkeluarga.com/tidak-mudik-tidak-piknik-upayaku-mencegah-penyebaran-covid-19/
1951,https://ccsklaw.com/2020/03/sba-eidl-for-indiana-small-businesses-for-covid-19-relief/
1967,https://criticallyrated.com/2020/03/20/covid-19/
1968,https://cryptomining-blog.com/11582-tradingview-is-now-charting-the-impact-of-covid-19-worldwide/
1988,https://digitaldrivensa.com/business/google-sets-up-fund-to-offer-paid-sick-leave-to-contractors-and-temp-workers-who-cant-work-due-to-covid-19-symptoms/
1993,https://e-camara.com/web/en/presentation-of-the-economic-stabilisation-programme-covid-19-of-the-government-of-luxembourg-from-last-wednesday-25th-march/
2012,https://fifs.com/covid-19-insurance-coverage-for-businesses/
2039,https://health.economictimes.indiatimes.com/news/pharma/india-to-soon-participate-in-who-solidarity-trial-for-developing-potential-covid-19-drugs-govt/74855919
2058,https://securemedia.newjobs.com/id/mgs/6914/WonderWall/covid19only
2061,https://juliet1news.com/frederikus-gebze-berbagai-upaya-dilakukan-oleh-pemkab-merauke-untuk-mencegah-menyebarnya-virus-covid-19/
2097,https://moneymorning.com/covid19-crash/
2107,https://news.yahoo.com/fact-check-claim-symptoms-covid-000857073
2111,https://nonesnotes.com/2020/03/18/virtual-meetings-will-the-covid-19-virus-accelerate-a-trend/
2138,https://poetsandquants.com/2020/03/20/live-updates-covid-19-impact-on-b-schools/
2147,https://realscreen.com/2020/03/25/covid-19-impact-discovery-withdraws-fiscal-outlook-draws-down-500-million/
2157,https://coronavirus.dental-tribune.com/news/dentists-in-italy-face-unemployment-owing-to-covid-19/
2174,https://smallbusiness.yahoo.com/advisor/resource-center/covid-19-coronavirus-small-business-resources/
2236,https://www.thehindubusinessline.com/news/world/un-chief-launches-2-bn-humanitarian-response-plan-to-fight-covid-19/article31169777
2264,https://www.bakingbusiness.com/articles/50592-grupo-bimbo-describes-covid-19-impact-on-global-operations
2305,https://www.cinencuentro.com/2020/03/23/impacto-coronavirus-cine-peruano-covid-19/
2475,https://www.prosoundweb.com/avixa-covid-19-impact-survey-designed-to-shed-light-on-effects-to-pro-av-industry/
2517,https://www.thehindubusinessline.com/specials/pulse/covid-19-alert-beware-of-falsified-medicines-unauthorised-websites/article31189453
2524,https://www.travelpulse.com/news/impacting-travel/more-caribbean-countries-close-borders-to-counter-covid-19
2575,https://3dprint.com/265068/3d-printing-for-covid-19-part-four-corporate-partners/
2614,https://betakit.com/report-as-covid-19-causes-job-postings-to-plunge-software-development-stable/
2631,https://cargofacts.com/allposts/business/strategy/wallace-on-kalittas-covid-19-operations/
2632,https://castellonbase.com/rubiales-anuncia-medidas-economicas-ante-el-covid-19/
2651,https://cyprus-mail.com/2020/03/22/coronavirus-the-economic-challenges-of-the-covid-19-crisis/
2662,https://diversifiedus.com/client-support-business-continuity-covid-19/
2667,https://ecigintelligence.com/impact-on-e-cigarette-sales-channels-varies-as-countries-face-covid-19/
2673,https://elearninfo247.com/2020/03/16/covid-19-and-its-impact-on-learning/
2718,https://hostingjournalist.com/cloud-hosting/limestone-networks-releases-a-covid-19-financial-assistance-program/
2786,https://mortgagehorror.com/2020/03/26/knock-on-the-door-low-fee-mortgage-inspections-may-become-only-a-short-summer-job-if-covid-19-becomes-seasonal-and-stronger-as-scientists-predict/
2800,https://news.theregistrysf.com/tomorrow-is-another-stay-first-impacts-of-covid-19-on-the-hotel-industry/
2850,https://sfbayview.com/2020/03/liberate-our-elders-california-prison-focus-demands-gov-newsom-protect-peacemakers-from-covid-19-by-releasing-them-immediately/
2891,https://thephagroup.com/ebook/covid-19-communications-strategy/
2978,https://www.business-standard.com/article/current-affairs/coronavirus-live-updates-covid-19-death-cases-india-usa-world-21-day-lockdown-in-india-maharashtra-delhi-news-120032601059_1
3034,https://www.gulfjobcareers.com/covid19liveupdates/
3081,https://www.linformaticien.com/actualites/id/54073/covid-19-bruxelles-exploitera-les-donnees-des-operateurs-telecoms
3086,https://www.lyfemarketing.com/blog/how-should-you-respond-to-covid-19-as-a-small-business/
3094,https://www.missioncityrecord.com/news/trudeau-announces-75-wage-subsidy-for-small-businesses-amid-covid-19/
3096,https://www.moneytalkgo.com/fr/video/covid-19-sante-et-marches/
3107,https://www.ominecaexpress.com/news/some-b-c-ymca-child-care-centres-bring-in-health-checks-due-to-covid-19-concerns/amp/
3138,https://smallbusiness.com/covid-19/350-billion-designated-to-small-business-white-house-approval/
3155,https://www.servicemasterofbaltimore.com/commercial-cleaning-service/servicemaster-of-baltimore-can-help-your-business-recover-from-covid-19/
3183,https://www.thehindubusinessline.com/specials/auto-focus/extremely-difficult-to-predict-covid-19-impact-says-skoda-vw-india-chief/article31170671
3201,https://www.virginiabusiness.com/article/third-virginian-dies-from-covid-19-va-cases-now-at-219/
3212,https://www.wyattlawfirm.com/blog/2020/03/we-are-open-for-business-covid-19-update/
3243,https://www.thegazette.com/subject/news/health/coralville-based-integrated-dna-technologies-producing-covid-19-testing-research-kits-20200310
3257,https://americaeconomica.com/noticia/27415/mundo/google-lanza-una-web-sobre-el-covid-19-y-anade-nuevas-funciones-para-busquedas-relacionadas-con-el-virus
3270,https://bangordailynews.com/2020/03/28/homestead/how-to-celebrate-a-birthday-in-the-time-of-covid-19/
3315,https://digitalhealthbuzz.com/orbita-releases-new-no-cost-covid-19-chatbot-enabling-healthcare-organizations-to-quickly-integrate-coronavirus-qa-and-screening-tools-into-existing-websites/
3323,https://elcandelerotecnologico.com/2020/03/27/aldeas-infantiles-sos-ayuda-a-reducir-el-impacto-del-covid-19-en-la-salud-mental-de-ninos-y-ninas/
3334,https://finance.weblife24.com/coronavirus-el-impacto-economico-sin-precedentes-del-covid-19-en-las-aerolineas-y-como-puede-afectar-el-precio-de-los-pasajes-bbc-news-mundo/
3364,https://juliet1news.com/bupati-merauke-frederikus-gebze-terus-memantau-upaya-upaya-pencegahan-virus-covid-19/
3439,https://seenandheard-international.com/2020/03/new-impact-of-coronavirus-covid-19-pandemic/
3511,https://winbuzzer.com/2020/03/17/facebook-announces-100-million-grant-program-for-small-business-during-covid-19-outbreak-xcxwbn/
3567,https://www.caribbeannationalweekly.com/news/local-news/broward-county-officials-detail-early-financial-and-social-impacts-of-covid-19/
3573,https://www.chicagotribune.com/coronavirus/ct-nw-coronavirus-covid-19-stimulus-package-20200327-lop4m3j7ujc4tfnvrhmvb4qmli-story
3597,https://www.dinihakikathaber.com/teknoloji/yapay-zeka-ile-covid-19-teshisi-yapan-algoritma-gelistirildi-h5513
3610,https://www.ethiopiaprobserver.com/wb-group-increases-covid-19-response-to-sustain-economies-protect-jobs/
3618,https://www.financialexpress.com/industry/cognizant-to-give-two-third-of-india-employees-25-extra-payment-over-base-salary-for-working-in-covid-19-outbreak/1911144/
3650,https://www.henkel.com/brands-and-businesses/adhesive-technologies/covid-19
3663,https://www.iraq-businessnews.com/wp-content/uploads/2020/03/AMAR-covid-19-appeal-Type-1
3668,https://www.jobnimbus.com/blog/2020/03/18/covid-19-business/
3743,https://www.rumberger.com/insights/covid-19-relief-now-for-eligible-small-business-and-private-non-profits/
3758,https://www.starburstdata.com/news/press-releases/starburst-announces-free-software-to-accelerate-covid-19-data-discovery-analytics/
3765,https://www.technobaboy.com/2020/03/28/paymaya-donations-oneagainstcovid19/
3789,https://www.yugatech.com/guides/list-of-financial-assistance-you-can-get-during-the-covid-19-quarantine/
3804,https://www.thehindubusinessline.com/news/covid-19-threat-karnataka-orders-shutdown-of-malls-multiplexes-public-gatherings-for-a-week/article31061076
3824,https://accordingtohoyt.com/2020/03/27/covid-19-and-us-mortality-by-i-ratel/
3829,https://amotimes.com/2020/03/11/introduce-economic-package-to-offset-covid-19-virus-damage/
3852,https://brodies.com/blog/corporate/covid-19-companies-house-guidance/
3895,https://economictimes.indiatimes.com/news/economy/policy/finance-minister-to-meet-industrialists-trade-associations-to-asses-covid-19-impact/articleshow/74184599
3938,https://ikbenfit.com/wp-content/uploads/2020/03/de-impact-van-het-coronavirus-covid-19-op-de-sportwereld-e1584626031689
3952,https://internationalfleetworld.com/impact-of-covid-19-on-europes-used-car-industry-revealed-in-new-white-paper/
4004,https://news.sap.com/2020/03/sap-addresses-covid-19-supply-chain-business-travel-disruption/
4061,https://thephilbiznews.com/2020/03/24/ph-exporters-plead-to-the-govt-for-support-as-financial-losses-rise-due-to-covid-19/
4102,https://www.americanfarriers.com/articles/11672-podcast-discussing-the-impact-of-covid-19-on-farriery
4133,https://www.turlockjournal.com/videos/one-on-one-interviews/covid-19-economic-discussion-dr-gokce-soydemir-209-podcast/
4174,https://www.fdbusiness.com/unilever-takes-measures-to-help-fight-against-covid-19/
4202,https://www.healthcareinfosecurity.com/covid19-remote-workforce-security-strategies-a-14012
4210,https://www.illinoisestateplanningandelderlawblog.com/covid-19-legal-advice-get-your-business-and-estate-in-order-now/
4266,https://www.ndtv.com/business/tamil/coronavirus-covid-19-crisis-rbi-governor-shaktikanta-das-2201520
4278,https://www.ominecaexpress.com/news/direct-financial-help-coming-for-canadians-affected-by-covid-19-trudeau-says/amp/
4297,https://www.producebluebook.com/2020/03/23/us-foods-covid-19-loss-mitigation-includes-hiring-freeze-furloughs-retail-shift/
4302,https://www.radio.com/news/families-raise-money-for-janitors-amid-covid-19-pandemic
4304,https://www.reddeeradvocate.com/news/non-profits-that-are-helping-people-impacted-by-covid-19-can-apply-for-relief-funding/
4309,https://smallbusiness.com/covid-19/small-business-covid-3-25-20/
4319,https://www.sestiniandco.com/new-measures-to-help-businesses-weather-covid-19/
4371,https://www.vanguardngr.com/2020/03/brazil-taps-8bn-for-small-businesses-hit-by-covid-19/
4409,https://community.dynamics.com/365/b/365teamblog/posts/resources-and-support-for-our-global-customers-impacted-by-covid-19
4442,https://annuity.com/2019-covid-19-impact-on-the-market/
4470,https://capitalizealbany.com/news-events/2020/03/new-resource-to-support-albany-businesses-in-a-fast-changing-environment-amid-covid-19-crisis/
4486,https://daniellesosbookkeeping.com/2020/03/25/covid19-resources-personal-business/
4498,https://economictimes.indiatimes.com/news/politics-and-nation/covid-survival-guide-what-you-should-do-if-you-want-to-get-yourself-tested/articleshow/74787280
4504,https://employmentwrites.com/2020/03/22/covid-19-license-to-discriminate/
4556,https://hyderabadliteraryfestival.com/health-check-dr-park-answers-your-covid-19-questions/
4622,https://motivatefeed.com/business/coronavirus-the-economic-impact-of-covid-19/
4640,https://ourownstartup.com/covid-19-paytm-commits-rs-5-crore-rupees-for-corona-virus-medicine-and-amazon-also-took-this-decision/
4652,https://rockrapids.com/iaeda-covid-19-iowa-business-recovery-assistance/
4660,https://senecasuccess.wordpress.com/2020/03/16/8-resources-to-help-businesses-with-covid-19/
4687,https://telecom.economictimes.indiatimes.com/news/jio-airtel-vodafone-idea-may-delay-further-price-hikes-under-covid-19-impact-analysts/74846268
4741,https://www.adamsavenuebusiness.com/2020/03/useful-inks-for-small-business-owners-and-employees-impacted-by-the-covid-19-health-emergency/
4742,https://www.adira.com/wp-content/uploads/covid19-nous-contacter-paysage-420x280
4796,https://www.chronogram.com/hudsonvalley/how-to-help-hudson-valley-restaurants-and-service-industry-workers-impacted-by-covid-19/Content
4806,https://www.crowdfundinsider.com/press-release/wisefund-launches-easy-funding-program-for-covid-19-affected-european-businesses/
4817,https://www.deshdoot.com/ayush-sector-has-important-role-to-play-in-checking-spread-of-covid-19-pm/
4823,https://www.dmagazine.com/style-beauty-wellness/2020/03/how-to-support-dallas-small-businesses-during-coronavirus-covid19/
4844,https://www.folhaestado.com/entidade-publica-guia-sobre-impacto-do-covid-19-no-esporte-paralimpico/
4855,https://www.freemalaysiatoday.com/category/nation/2020/03/15/i-told-you-so-najib-says-on-economic-impact-of-covid-19/
4870,https://www.gsemploymentlaw.com/files/covid_19_programs
4984,https://www.twobillsdrive.com/community/topic/223944-betting-strategy-implications-of-covid-and-the-offseason/
5017,https://www.thehindu.com/business/Economy/icici-lombard-rolls-out-cover-for-covid-19/article31131223
5031,https://www.vietnambreakingnews.com/2020/03/business-closures-rise-due-to-covid-19/
5040,https://www.wispolitics.com/2020/department-of-revenue-announces-immediate-help-for-small-businesses-on-sales-taxes-and-other-steps-to-help-taxpayers-in-response-to-covid-19/
5066,https://50skyshades.com/images/xs/to-support-business-aviation-in-times-of-covid-19-ebaa-partners-with-osprey-flight-solutions-15914-CsTbBuZ1elTWMmx9W2X7JwZr7
5077,https://ampiopharma.com/news/ampio-is-preparing-an-expanded-access-fda-protocol-to-study-nebulized-ampion-as-a-treatment-for-moderate-to-severe-acute-respiratory-distress-syndrome-associated-with-covid-19/
5115,https://business.financialpost.com/personal-finance/taxes/heres-what-small-businesses-need-to-know-about-the-covid-19-wage-subsidy-program
5117,https://www.wahpetonbreckenridgechamber.com/business-resources-and-chamber-updates-regarding-covid-19/
5133,https://content.magicbricks.com/property-news/covid-19-impact-apartment-owners-ban-outsiders-entry/112344
5172,https://www.moneysavingexpert.com/content/dam/mse/tip/rhs/rhs-covid-19
5198,https://independentretailer.com/2020/03/19/kabbage-launches-online-hub-to-help-boost-sales-for-u-s-small-businesses-impacted-by-covid-19/
5220,https://chavaldejalon.wordpress.com/2020/03/27/el-ayuntamiento-de-lamuela-convoca-ayudas-directas-a-las-vecinas-y-a-los-vecinos-de-nuestro-pueblo-para-paliar-la-crisis-economica-del-covid-19-coronavirus-por-importe-de-600-000-e/
5275,https://outoftownblog.com/paymaya-digital-payments-help-unite-filipinos-in-battle-against-covid-19/
5281,https://www.pghcitypaper.com/pittsburgh/peduto-decries-mid-size-cities-like-pittsburgh-being-left-out-of-covid-19-stimulus-bill/Content
5396,https://jobs.bmj.com/job/100236/covid-19-support-doctors/
5449,https://www.ebiinc.com/resources/blog/what-businesses-of-all-sizes-need-to-know-about-covid-19
5542,https://static.meionorte.com/uploads/imagens/2020/3/27/thumb/c-302-217-q-90-covid-19-fotos-impactantes-pelo-mundo-mostram-cenarios-vazios-7f353084-2b4a-4bdc-b394-f6fe1aa3aff3
5625,https://www.schroders.com/es/es/inversores-particulares/vision-de-mercado/informes-de-mercado/cual-es-el-impacto-del-covid-19-en-los-bancos-europeos/
5667,https://www.veteranownedbusiness.com/blog/va-releases-covid-19-response-plan/
5675,https://www.wbtw.com/news/national/yes-social-security-recipients-will-get-a-check-from-this-covid-19-stimulus-plan/
5738,https://americansystemnow.com/covid-19-your-money-or-your-life/
5761,https://conwayscchamber.com/covid-19-coronavirus-business-information/
5801,https://elucabista.com/2020/03/25/venezuela-y-el-covid-19-cuando-la-politica-economica-puede-hacer-poco-o-nada-para-lidiar-con-la-crisis/
5814,https://exclusive.multibriefs.com/content/how-to-digitally-market-appropriately-and-compassionately-during-the-covid/business-management-services-risk-management
5863,https://info.getadministrate.com/blog/press-release-administrate-launches-vilt-rapid-implementation-support-training-programs-impacted-by-covid-19
5868,https://iorma.com/category/covid-19-impacts-survey/
5875,https://katedewhirst.com/blog/2020/03/13/covid-19-employment-law-tips-for-ontarios-primary-care-health-sector-guest-blog/
5889,https://luisahough.com/deferring-mortgage-payments-covid-19/
5897,https://marycordilleratv.com/2020/03/28/fiscalizacion-en-balnearios-y-coordinacion-con-alcaldes-buscan-evitar-propagacion-de-covid-19-en-la-region/
5926,https://notjustok.com/news/how-the-covid-19-is-impacting-the-nigerian-music-industry-and-the-wider-world/
6121,https://www.firstratemovers.com/wp-content/uploads/2020/03/covid_header-1
6147,https://www.houkconsulting.com/2020/03/covid-19-business-remote-access-checklist-update-from-houk-consulting/
6165,https://www.kefron.com/blog/covid-19-business-continuity-remote-working/
6181,https://www.mainstreetroi.com/small-business-marketing-tips-during-the-covid-19-pandemic/
6197,https://www.motorcyclepowersportsnews.com/motorcycle-industry-jobs-combat-the-covid-19/
6199,https://www.myhighplains.com/news/local-news/united-way-seeks-community-support-for-those-facing-economic-hardships-due-to-covid-19/
6224,https://www.joshuakennon.com/what-price-should-we-pay-to-fight-covid-19/
6240,https://www.prosoundweb.com/rode-contributing-2-million-of-podcasting-gear-to-aid-nsw-schools-impacted-by-covid-19/
6277,https://www.starlingagency.com/nanny-pay-during-covid-19-what-household-employers-and-nannies-need-to-know-about-the-families-first-coronavirus-response-act/
6308,https://www.wakingtimes.com/2020/03/27/states-lifting-regulations-to-help-business-during-covid-19-shows-how-useless-these-laws-are/
6329,https://wwww.dailynewssegypt.com/2020/03/26/afreximbank-announces-3bn-facility-to-cushion-impact-of-covid-19/
6383,https://blog.elearningbrothers.com/addressing-the-impact-of-covid-19-on-employees
6529,https://olddogthoughts.com/2020/03/22/coronavirus-britain-to-pay-up-to-80-per-cent-of-worker-wages-during-covid-19-pandemic/
6610,https://vegconomist.com/business-insiders/oped-covid-19-as-an-accelerator-of-food-tech/
6663,"https://arc-anglerfish-arc2-prod-bostonglobe.s3.amazonaws.com/public/IYFXAWOU5FEI3IN7QIRY3X75O4.jpg"",""width"":3556}},""publish_date"":""2020-03-27T23:58:12.170Z"",""revision"":{""revision_id"":""LNYCHZOW5RHHPMP767WB57CL6Q""},""type"":""story"",""website_url"":""/2020/03/27/nation/were-going-have-figure-out-another-way-pay-bills-cash-strapped-families-hope-coronavirus-rescue-arrives-time-pay-rent/""},{""_id"":""TWXPJYTUBBBCZGDBI3VWQDCOHE"",""canonical_url"":""/2020/03/27/metro/two-seniors-die-covid-19-amid-outbreak-charlwell-house-norwood/"
6701,https://www.currencyfair.com/covid-19-business-rebate
6720,https://www.egehaber.com/koronavirusu-teshisine-covid-net-isimli-yapay-zeka-321168/
6721,https://www.elsevier.com/about/press-releases/corporate/elsevier-gives-full-access-to-its-content-on-its-covid-19-information-center-for-pubmed-central-and-other-public-health-databases-to-accelerate-fight-against-coronavirus
6727,https://www.ezcorporateclothing.com/blogs/articles/an-important-message-from-ez-corporate-clothing-regarding-covid-19
6729,https://www.felhaber.com/if-a-business-is-working-remotely-due-to-covid-19-how-do-they-check-i-9-documents/
6803,https://www.mybuilder.com/advice/guidance-on-posting-a-job-during-the-covid-19-epidemic
6841,https://www.premierinsurancecorp.com/blog/the-covid-19-pandemic-key-employee-benefits-and-compensation-issues-to-consider-during
6899,https://www.thecollegianur.com/article/2020/03/impact-of-covid-19-international-office-of-education
6951,https://06880danwoog.com/2020/03/16/covid-19-roundup-business-advice-restaurant-parks-rec-news/
6954,https://adquadrant.com/shifting-advertising-strategy-covid-19/
6985,https://blog.bewgle.com/2020/03/19/5-steps-for-preparing-your-business-for-the-impact-of-covid-19/
7038,https://employmentrightsireland.com/coronavirus-covid-19-law-consultations-by-phone-email-video/
7114,https://livenewage.com/news/covid-19-outbreak-use-digital-payments-to-reduce-social-contact-by-npci
7127,https://mazenz.com/Newsemia/2020/03/28/how-three-countries-have-kept-covid-19-in-check/
7130,https://mediabiasfactcheck.com/the-covid-tracking-project/
7165,https://pakistanpressreleases.com/relaxation-in-foreign-exchange-regulations-to-facilitate-imports-against-advance-payment-and-open-account-amid-covid-19-pandemic/
7369,https://cdn-a.william-reed.com/var/wrbm_gb_food_pharma/storage/images/publications/food-beverage-nutrition/foodnavigator.com/article/2020/03/27/eu-food-industry-issues-covid-19-jobs-plea/10852574-1-eng-GB/EU-food-industry-issues-COVID-19-jobs-plea_wrbm_tiny
7392,https://www.hiventy.com/2020/03/18/covid-19-updated-business-continuity-plan/
7397,https://paydayreport.com/nissan-workers-forced-to-work-during-covid-19-in-mississippi/
7409,https://www.irishtimes.com/business/retail-and-services/will-covid-19-force-primark-to-rethink-decision-not-to-sell-online-1
7463,https://www.musicconnection.com/spanish-labels-unite-to-raise-money-for-hospitals-in-fight-against-covid-19/
7468,https://www.mytechmag.com/news/urgent-update-insurtech-north-and-canadian-insurance-financial-forum-ciff-postponed-due-to-covid-19-1761
7488,https://www.osborneclarke.com/de/insights/corporate-hauptversammlungen-von-aktiengesellschaften-zeiten-von-covid-19/
7499,https://www.prioritymarketing.com/business-as-unusual-greater-fort-myers-chamber-launches-resource-website-for-businesses-impacted-by-covid-19/
7517,https://www.salou.com/ca_ES/noticia/actualitat/govern-salou-acorda-mesures-fiscals-economiques-pel-covid-19
7565,"https://www.tourismvancouver.com/members/covid-19-information-and-response/business-resources/"",""absoluteFolderHref"":""https://www.tourismvancouver.com/members/covid-19-information-and-response/business-resources/"
7673,https://blog.robinskaplantrialattorneys.com/2020/03/19/financial-daily-dose-3-19-2020-top-story-second-covid-19-relief-package-now-law-market-chaos-remains/
7848,https://news.lamonde.com/lamonde-automation-covid-19-business-continuity-policy/
7910,https://susanonthesoapbox.com/2020/03/22/the-impact-of-covid-19-on-democracy/
8019,https://www.colorfulblack.com/fr/content/30-colorful-black-impact-du-coronavirus-covid-19-sur-notre-activite
8051,https://www.ednology.com/learning-in-the-time-of-covid-19-business-almost-as-usual/
8060,https://www.epcan.com/story/2020/03/25/news/county-up-to-7-deaths-from-covid-19-bases-impacted/6948
8091,https://www.homeworldbusiness.com/covid-19-pressures-at-home-after-tough-q4/
8198,https://www.sportscheck.com/covid-19/
8204,https://www.taxnotes.com/lr/resolve/tax-notes-state/local-tax-relief-efforts-for-businesses-impacted-by-covid-19/2cb7s
8225,https://www.wetravel.com/stories/covid-19-resources-for-wellness-businesses/
8292,https://www.marketwatch.com/story/dpw-holdings-provides-covid-19-business-update-2020-03-18
8293,https://bleacherreport.com/articles/2883410-deshaun-watson-gives-meals-to-hospitality-workers-who-lost-jobs-amid-covid-19
8301,https://bronxchange.com/covid-19-resources-for-small-businesses/
8305,https://corporate.bwfbadminton.com/news-single/2020/02/28/covid-19-updates/
8307,https://cardflash.com/news/2020/03/payment-conferences-covid-19-compliant/
8326,https://corporate.cyrilamarchandblogs.com/2020/03/covid-19-a-lot-done-more-needs-to-be-done/
8342,https://economictimes.indiatimes.com/markets/stocks/news/rbi-bites-the-bullet-cuts-repo-rate-by-75-bps-to-4-40-to-mitigate-covid-19-impact/articleshow/74840559
8407,https://jljlawgroup.com/blog/the-coronavirus-covid-19-and-the-impact-on-u-s-immigration/
8510,https://sobiaonline.com/job-tag/current-covid-19-jobs-in-ghana-2020/
8524,https://swimswam.com/tokyo-olympic-chief-reiterates-no-change-in-plans-for-olympics-due-to-covid-19/
8585,https://www.arecoa.com/protagonistas/2020/03/27/impacto-del-covid-19-mayor-reto-nuestra-historia/
8664,https://www.energyservicesexperts.com/ar/2020/03/27/afrique-le-covid-19-frappe-durement-les-pays-producteurs-de-petrole/
8682,https://www.fulcrumpartnersllc.com/2020/03/26/covid-19-and-the-unforeseen-financial-emergency-under-irc-409a/
8756,https://www.moneytalkgo.com/video/covid-19-update-with-td-chief-medical-director/
8798,https://www.prosoundweb.com/launch-of-av-industry-group-to-connect-audio-industry-pros-impacted-by-covid-19/
8817,https://www.si.com/nfl/buccaneers/news/saints-hc-sean-payton-has-tested-positive-for-the-novel-coronavirus-covid-19-ggoadC3nY0eIzQy7lIrypA
8847,https://www.vietmaz.com/2020/03/business-closures-rise-due-to-covid-19/
8909,https://www.detroitnews.com/story/business/autos/2020/03/25/report-auto-sales-t-boned-covid-19-restrictions/5078386002/
9040,https://johndappercloser.com/2020/03/20/be-oneagainstcovid19-with-paymaya-how-to-donate-while-at-home/
9051,https://kurtismycfo.com/canadas-covid-19-economic-response-plan-march-2020/
9156,https://siamcitylaw.com/second-round-of-six-tax-measures-from-the-revenue-department-to-remedy-impact-from-covid19/
9200,https://truthonthemarket.com/symposia/the-law-economics-of-the-covid-19-pandemic/
9241,https://www.arrowlakesnews.com/business/pacific-coastal-airlines-suspending-operations-due-to-covid-19-outbreak/amp/
9311,https://www.doingcollege.com/the-impact-of-covid-19-on-our-high-school-juniors-and-seniors/
9353,https://www.hawaiibusiness.com/covid-19-homa/
9424,https://www.migrate-uk.com/coronavirus-covid-19-immigration-guidance/
9441,https://www.saanichnews.com/news/trudeau-promises-82b-in-economic-supports-in-covid-19-fight/
9456,https://www.pymnts.com/coronavirus/2020/instacart-shoppers-plan-strike-monday-for-better-covid-19-protections-pay/
9465,https://www.republicworld.com/india-news/politics/covid-19-crisis-maha-govt-welcomes-centres-financial-package
9471,https://www.salou.com/en_GB/news/news/salou-government-agrees-fiscal-economic-measures-covid-19
9518,https://www.tulsamarketingonline.com/google-my-business-reviews-and-updates-temporarily-paused-due-to-covid-19/
9677,https://gifincric.com/covid-19-england-and-wales-cricket-board-planning-to-install-coronavirus-checkpoints/
9723,https://leedsmoneyman.com/covid-19-outbreak/
9741,https://malaysiantribune.com/2020/03/20/covid-19-moh-tnb-issue-call-to-action-to-corporate-malaysia/
9806,https://rockrapids.com/public-update-covid-19-customizable-flyer-for-your-business/
9819,https://sfbayview.com/2020/03/outside-organizers-start-a-hotline-to-support-incarcerated-people-through-the-covid-19-outbreak/
9823,https://showmehome.com/financial-help-during-covid-19-pandemic/
9896,https://www.accuratelist.com/live-updates-covid-19-coronavirus/
9898,https://www.addleshawgoddard.com/en/insights/insights-briefings/2020/real-estate/hotels-sector-impact-of-covid-19/
9924,https://www.benefitspro.com/2020/03/26/mental-health-hotlines-and-websites-because-covid-19-just-makes-things-worse/
9933,https://www.blacktalkradionetwork.com/2020/03/27/attorney-ikiesha-al-shabazz-breaks-down-the-byron-allen-comcast-scotus-ruling-covid-stimulus-package/
9948,https://www.canadianinvestor.com/2020/03/27/molson-coors-beverage-co-withdraws-2020-fiscal-year-guidance-amid-covid-19/
10090,https://www.news18.com/news/lifestyle/mrunal-thakur-shares-benefits-of-missing-work-amid-covid-19-2554993
10111,https://www.pharmaceutical-business-review.com/news/novartis-bmgf-covid-19/
10117,https://www.proactivenetworktech.com/2020/03/25/how-businesses-are-impacted-by-covid-19/
10254,https://betweentheheadandtheheart.podbean.com/e/covid-19-series-a-day-in-david-mortons-life-during-a-financial-crisis/
10259,https://blog.searchmetrics.com/us/covid-19s-coronavirus-impact-on-seo-jordan-koene-searchmetrics/
10261,https://blueswandaily.com/businesses-are-boosting-online-services-but-their-digital-transformations-may-be-delayed-because-of-covid-19/
10266,https://business.financialpost.com/pmn/press-releases-pmn/business-wire-news-releases-pmn/cost-effective-covid-19-mobile-app-for-healthcare-providers-patients
10481,https://climaterwc.com/2020/03/25/san-mateo-county-donates-3m-to-fund-supporting-locals-impacted-by-covid-19/
10483,https://sportstar.thehindu.com/videos/covid-19-effect-atletico-madrid-pays-tribute-to-spain-coronavirus-health-workers-wanda-metropolitano/article31175259
10506,https://thenassauguardian.com/2020/03/26/small-businesses-feel-the-pinch-of-covid-19/
10521,https://verstaresearch.com/blog/stockpiling-and-job-worries-new-data-on-covid-19-highlights-crucial-role-of-research/
10539,https://www.aafcpa.com/category/regulatory-alerts/coronavirus-covid19-impact/
10798,https://www.smilesbypayet.com/2020/03/covid-19-closure-announcement/
10825,https://www.universfreebox.com/article/55353/suivi-de-l-epidemie-covid-19-en-europe-8-operateurs-dont-orange-d-accord-pour-partager-les-donnees-de-geolocalisation
10862,https://economictimes.indiatimes.com/news/economy/policy/rbi-cuts-repo-rate-by-0-75-to-4-40-amid-covid-19-outbreak/videoshow/74841691
10926,https://businessandartsnl.com/covid-19-how-can-we-help/
10948,https://communityimpact.com/austin/new-braunfels/coronavirus/2020/03/27/breaking-comal-countys-first-community-spread-covid-19-case-is-bulverde-area-resident/
11005,https://golfbusinessnews.com/news/coronavirus-news/the-pga-launches-dedicated-covid-19-helpline/
11071,https://www.growcedarvalley.com/business/economic-development/covid19-update/
11176,https://urangminang.com/the-national-for-friday-march-27-government-boost-for-businesses-hurt-by-covid-19/
11208,https://www.animalpolitico.com/2020/03/asociaciones-medicas-exsecretarios-estrategia-covid-19/
11240,https://www.bitrates.com/news/p/cryptocurrency-vs-coronavirus-how-blockchain-is-responding-to-covid-19
11301,https://www.bizjournals.com/portland/news/2020/03/26/heres-whos-hiring-in-oregon-as-covid-19-continues
11315,https://www.globalamericafinancial.com/worried-about-coronavirus-5-financial-moves-for-the-age-of-covid-19/
11334,https://www.vcstar.com/story/news/local/2020/03/16/coronavirus-ventura-county-california-business-economy-covid-19/5059413002/
11378,https://www.leswaldenrealestate.com/blog/an-update-from-us-on-covid-19-business-operations/
11392,https://www.manoramaonline.com/news/latest-news/2020/03/26/top-official-of-kozhikode-collectorate-reached-ernakulam-amid-covid-preventive-duty
11432,https://www.pays-albertville.com/blog/actus/fermeture-de-votre-maison-du-tourisme-en-raison-du-covid-19/
11529,https://economictimes.indiatimes.com/news/politics-and-nation/day-2-of-lockdown-sitharaman-announces-new-relief-measures-as-covid-cases-spike/articleshow/74829567
11539,https://pmlive.com/pharma_news/who_partners_with_whatsapp_to_provide_accurate_covid-19_information_1329841
11585,https://bleacherreport.com/articles/2882872-andy-roddick-asks-tennis-channel-for-job-offers-to-intern-at-home-amid-covid-19
11586,https://blog.adaptibar.com/the-impact-of-covid-19-on-law-schools-and-the-bar-exam/
11601,https://cardflash.com/news/2020/03/payments-performance-facing-covid-19-impacts/
11607,https://cercatalent.com/2020/12-ways-your-career-can-benefit-from-solitude-in-this-covid-crisis/
11645,https://eijournal.com/news/business-2/gps-data-shows-critical-truck-deliveries-continue-despite-covid-19
11651,https://eng.ambcrypto.com/bahamas-us-looking-at-digital-fiat-for-payments-in-light-of-covid-19/
11666,https://www.allaboutcircuits.com/news/how-covid-19-threatens-to-impact-overseas-tech-manufacturing/
11685,https://groundfloormedia.com/blog/2020/03/23/the-impact-of-covid-19-on-smaller-nonprofits/
11920,https://www.castoradvance.com/news/non-profits-that-are-helping-people-impacted-by-covid-19-can-apply-for-relief-funding/
11937,https://www.crowdfundinsider.com/2020/03/159360-covid-19-linked-finance-now-offers-deferred-start-loans-to-businesses/
12070,https://www.neilsonmarketing.com/how-covid-19-is-affecting-google-my-business-features/
12088,https://www.payuoc.com/seasonal/coronavirus-covid-19/
12104,https://www.prarch.com/covid-19-update-business-as-usual-at-plunkett-raysich-architects/
12211,https://www.wowza.com/blog/covid-19-live-streaming-resources-for-business-continuity
12252,https://gulfnews.com/business/aviation/covid-19-global-airlines-will-have-differing-routes-to-survival-1
12253,https://www.asiapacificcoatingsjournal.com/news/inkmaker-announces-covid-19-action-measures-for-business-continuity
12423,https://media.sportbusiness.com/news/discovery-taps-into-500m-credit-facility-amid-unknown-covid-19-impact/
12515,https://talkmarkets.com/content/job-cut-announcements-due-to-covid-19-begin
12618,https://www.boxerproperty.com/blog/small-business-resources-amid-covid-19/
12677,https://www.fbm.com/publications/business-interruption-coverage-for-the-coronavirus-covid-19/
12681,https://www.financialfortunemedia.com/kepsa-sets-up-information-portal-on-covid-19/
12715,https://www.homeworldbusiness.com/amazon-prioritizes-key-covid-19-supplies-restricts-other-shipping/
12742,https://www.latestly.com/lifestyle/financial-mogul-victor-garibay-shares-his-advice-on-how-to-financially-get-through-covid-19-1639240
12743,https://www.latimes.com/food/story/2020-03-27/la-restaurants-sick-pay-covid-19
12749,https://theglobe.co.com/2020/03/23/how-will-covid-19-impact-my-upcoming-surgery-newswise/
12791,https://www.pentamarketing.com/news/2020/03/special-edition-podcast-series-helping-business-leaders-survive-the-covid-19-crisis/
12801,https://www.legalindia.com/news/scba-mulls-bci-plea-to-help-financially-troubled-lawyers-in-wake-of-covid-19
12803,https://www.prodegemr.com/corporate-responses-to-covid-19/
12853,https://www.thehindubusinessline.com/latest-news/covid-19-from-12-pm-tonight-there-will-be-complete-lockdown-in-the-entire-country-for-21-days-says-pm-modi/article31155227
12987,https://de.nachrichten.yahoo.com/covid-19-uns-genesenen-verraten-050751636
13110,https://neatpour.com/2020/03/basics-for-hospitality-industry-workers-seeking-unemployment-benefits-due-to-covid-19-pandemic/
13162,https://sportstar.thehindu.com/other-sports/coronavirus-pandemic-outbreak-covid-19-live-updates-impact-on-sports-news-ipl-psl-premier-league-la-liga-formula-one-f1-tokyo-olympics-suspended-postponed/article31130447
13651,https://glintpay.com/en_us/economics-en_us/gold-covid-19/
13701,https://m.franklincountytimes.com/2020/03/20/alabama-announces-support-for-workers-impacted-by-covid-19/
13722,https://mundoagropecuario.com/fao-alerta-sobre-el-impacto-del-covid19-en-la-alimentacion-escolar-de-america-latina-y-el-caribe/
13779,https://rockrapids.com/video-unemployment-insurance-for-claimants-questions-and-answers-during-covid-19/
13811,https://tfipost.com/ians-news/mrunal-thakur-shares-benefits-of-missing-work-amid-covid-19/
13868,https://www.adweek.com/brand-marketing/kantars-covid-19-barometer-examines-impact-on-consumer-behavior/
13936,https://www.craft-e-corner.com/pages/covid-19-shipping-and-business-updates
13970,https://www.forbes.com/sites/bradadgate/2020/03/27/the-impact-of-the-covid-19-virus-on-programming-and-tv-advertising/
13988,https://www.greaterharrisoncc.com/chamber-partners-offer-small-business-resources-in-response-to-covid-19/
14042,https://www.turfmagazine.com/covid-19/is-landscaping-an-essential-business-in-your-region
14164,https://www.zycus.com/blog/sustainable-procurement/covid-19-the-impact-on-middle-eastern-procurement-and-supply-chain
14233,https://tricitieschamber.com/resources/business-resources/covid-19/
14319,https://www.canadapost.ca/cpc/en/our-company/news-and-media/corporate-news/coronavirus-disease-covid-19
14411,https://neatpour.com/2020/03/financial-resources-for-bar-restaurant-workers-affected-by-covid-19/
14510,https://fortune.com/2020/02/26/coronavirus-covid-19-cdc-budget-cuts-us-trump/
14613,https://www.dinsmore.com/covid-19-business-strategies-hub/
14653,https://www.growjanesville.com/business-climate/covid19-essential-businesses
14675,https://www.immigrationreform.com/2020/03/27/covid-18-stimulus-illegals-benefit-immigrationreform-com/
14795,https://www.thehindubusinessline.com/economy/agri-business/covid-19-lockdown-of-mandis-a-new-challenge-for-farmers/article31160652
14798,https://www.thehindubusinessline.com/news/national/covid-19-five-new-coronavirus-cases-confirmed-in-karnataka-total-positive-cases-touches-20/article31129459
14876,https://aibusiness.com/deep-learning-systems-can-identify-covid-19-infections-on-x-rays/
14910,https://blogs.timesofisrael.com/the-impact-of-covid-19-on-tel-avivs-tech-industry/
14919,https://canada.constructconnect.com/dcn/news/economic/2020/03/deep-concerns-about-covid-19s-impact-on-canadian-supply-chain-as-borders-close
14941,https://corporate.cyrilamarchandblogs.com/2020/03/covid-19-officially-a-pandemic-faqs-coronavirus/
14998,https://gratanet.com/publications/covid-19-faq-on-employment
15050,https://malangpagi.com/pemerintah-telah-pertimbangkan-segala-potensi-upaya-penanganan-covid-19/
15053,https://www.cio.com/article/3533252/69-of-cios-believe-covid-19-will-significantly-impact-business
15126,https://sogoinsurance.com/resources/blog/how-to-protect-your-small-business-against-covid-19/
15139,https://strategicstudyindia.blogspot.com/2020/03/while-fighting-covid-19-india-must
15319,https://www.joorney.com/top-10-tips-for-combatting-business-interruption-due-to-coronavirus-covid-19/
15359,https://www.mishcon.com/news/proptech-perspectives-susan-freeman-on-the-impacts-of-covid-19
15363,https://www.motherjones.com/environment/2020/03/the-only-thing-green-about-the-covid-19-stimulus-bill-is-the-money/
15501,https://clarkcountylive.com/covid-19-social-security-benefit-suspension-scam/
15504,https://economictimes.indiatimes.com/news/international/world-news/life-in-wuhan-the-covid-19-epicenter-limping-back-to-normalcy/wuhan-gradually-goes-back-to-work/slideshow/74809197
15616,https://dotorgstrategy.com/articles/my-covid-19-response-free-help-and-free-tools-you-can-use-now/
15621,https://economictimes.indiatimes.com/industry/transportation/railways/covid-19-railway-productions-units-asked-to-explore-possibility-of-manufacturing-medical-equipment/articleshow/74795196
15713,https://mhealthspot.com/2020/03/telehealth-benefits-for-medicare-beneficiaries-expanded-during-covid-19-outbreak/
15730,https://newsroom.hanesbrands.com/press-release/corporate/hanesbrands-increases-balance-sheet-flexibility-response-covid-19-operating
15828,https://torontosun.com/news/national/new-nursing-home-cluster-amid-rising-covid-deaths-and-economic-gloom/wcm/0e7936db-8f96-40e4-9256-29be9003d691
15865,https://www.adavidcreation.com/perspective-flip-how-to-use-covid-19-to-better-your-contracting-business/
15916,https://www.courant.com/community/windsor/hc-wn-windsor-chamber-of-commerce-businesses-covid-19-0402-20200326-qhtc4ooqyzhbdganuvg7fyqwvu-story
15945,https://www.financialexpress.com/money/covid-19-effect-insurers-roll-out-coronavirus-covers/1910506/
16057,https://www.pressreleasepower.com/news/business/chainup-cointube-and-cointelegraph-china-offer-industry-insights-into-blockchain-amidst-covid-19
16141,https://www.wlwt.com/article/cincinnati-metro-buses-continue-to-operate-using-extra-precautions-amid-covid-19-outbreak/31778677
16152,https://yourclomid.com/politics/10000-jobs-to-be-created-over-a-year-800-a-month-to-be-given-to-those-who-lose-job-amid-covid-19-outbreak/
16160,https://www.facebook.com/sharer/sharer.php?u=http://ginneynoa.com/2020/03/17/moving-to-bali-1-covid19-saving-money-how-to-stay-positive/
16388,https://www.eiu.com/n/covid-19-to-send-almost-all-g20-countries-into-a-recession/
16423,https://speakingbusiness.libsyn.com/stphane-garelli-competitiveness-after-covid-19
16456,https://tyres.cardekho.com/news/covid-19-apollo-tyres-senior-leadership-takes-pay-cut/
16787,https://www.virginiabusiness.com/article/avula-virginia-covid-19-cases-could-jump-10x-in-next-week-and-a-half/
16812,https://www.allbusiness.com/small-business-relief-covid-19-resources-for-startups-127683-1
17009,https://localhealthguide.com/2020/03/17/you-may-have-health-plan-options-if-youve-lost-a-job-or-income-due-to-covid-19/
17025,https://marketplace.corporatefinanceinstitute.com/finance-templates/financial-planning-analysis-fpa-templates/financial-model-free-excel-template-to-fight-covid-19/
17054,https://www.mckinsey.com/business-functions/risk/our-insights/covid-19-implications-for-business
17099,https://www.sba.gov/about-sba/sba-newsroom/press-releases-media-advisories/sba-provide-disaster-assistance-loans-small-businesses-impacted-coronavirus-covid-19
17128,https://thebenefitsguide.com/new-rules-for-fsas-and-hsas-in-light-of-covid-19-and-tax-season/
17186,https://www.vicnews.com/business/b-c-legislature-to-reopen-with-fewer-mlas-to-tackle-covid-19/
17282,https://www.gkrkarate.com/covid-19-advice/
17330,https://authorityngr.com/2020/02/28/chinese-farmers-livestream-harvests-to-generate-sales-amid-covid-19-outbreak/
17400,https://www.republica.com/2020/03/27/el-congreso-de-eeuu-aprueba-el-plan-de-estimulo-economico-contra-el-covid-19/
17465,https://www.wondersign.com/how-to-keep-your-brick-mortar-business-running-during-the-covid-19-coronavirus-pandemic/
17561,https://connectedinvestors.com/blog/covid-19-impact-on-real-estate-investors/
17636,https://inc42.com/buzz/startupsvscovid19-unicorns-tech-startups-find-new-ways-to-keep-business-going/
17763,https://thesagonline.com/36922/showcase/covid-19-impacts-brookline-schools-and-community/
17811,https://www.peacearchnews.com/business/think-before-you-buy-or-sell-stocks-amid-covid-19-market-turmoil-b-c-professor-urges/
18026,https://www.smart-energy.com/industry-sectors/business-finance-regulation/us-solar-companies-call-for-action-from-congress-on-covid-19/
18035,https://www.sportbusiness.com/2020/03/fifa-commercial-chief-simon-thomas-on-the-impact-of-covid-19/
18284,https://leaderpost.com/news/saskatchewan/its-going-to-be-a-bloodbath-covid-19-to-wreak-economic-havoc-on-sask
18309,https://mercercc.com/covid19-business-updates/
18434,https://variety.com/2020/tv/news/apa-salary-cuts-covid-19-1203547876/
18567,https://www.financialexpress.com/market/commodities/covid-19-lockdown-centre-asks-states-to-let-food-processing-units-to-buy-directly-from-farmers/1911837/
18575,https://www.fortsaskatchewanrecord.com/news/local-news/covid-19-city-of-vancouver-to-provide-update-on-coronavirus-impacts/wcm/f78625f4-ed60-4e80-8a77-7df57ff02dd2
18640,https://www.libertycounselingsvcs.com/post/six-strategies-for-managing-stress-and-anxiety-during-the-covid-19-pandemic
18793,https://www.housingwire.com/articles/covid-19-will-cause-a-steep-recession-followed-by-a-bounce-back/
18815,https://www.ghanabusinessnews.com/2020/03/19/covid-19-ghana-muslim-mission-suspends-all-activities/
18903,https://economictimes.indiatimes.com/news/economy/foreign-trade/huge-demand-for-food-products-in-global-markets-due-to-covid-19-outbreak-india-can-tap-it-tpci/articleshow/74775766
18945,https://icv2.com/articles/columns/view/45498/events-platform-patron-ceo-covid-19-impact-fan-events
19069,https://theamericangenius.com/business-news/covid-19-google-fi-extends-grace-period-from-3-days-to-60/
19342,https://www.pmmag.com/articles/102737-covid-19-impact-on-the-plumbing-industry
19405,https://www.theoctopusnews.com/covid-19-sanwo-olu-rolls-out-economic-stimulus-for-residents-targets-200000-households-in-first-phase/
19550,https://completecarestrategies.com/outbreak-thoughts-about-coronavirus-covid-19/
19585,https://exclusive.multibriefs.com/content/an-employers-guide-to-covid-19-top-5-strategies-for-keeping-your-team-and-b/religious-community
19825,https://www.peacearchnews.com/business/covid-19-it-could-take-3-years-for-stock-market-to-recover-says-b-c-economist/
19826,https://www.asi-networks.com/coronavirus-covid-19-and-your-business-are-you-prepared
19843,https://www.bitcoin2020s.com/in-us-covid-19-stimulus-bill-hope-not-lost-for-digital-dollar/
19859,https://www.colombiamegusta.com/pese-al-contacto-con-el-alcalde-de-popayan-claudia-lopez-decidio-no-hacerse-la-prueba-del-covid-19/
20076,https://www.thestatesman.com/business/covid-19-effect-dgca-extends-validity-pilot-licences-nearing-expire-90-days-1502870646
20186,https://techcrunch.com/2020/03/17/android-app-reviews-may-slow-to-over-a-week-due-to-covid-19-impacts-google-warns-developers/amp/
20309,https://ndsmcobserver.com/2020/03/website-database-supports-local-south-bend-businesses-during-covid-19-pandemic/
20477,https://www.facebook.com/sharer/sharer.php?u=http://www.consher.com/noticia-del-dia/medidas-fiscales-covid-19
20616,https://www.newjerseyemploymentattorneys.com/blog/2020/03/practical-tips-for-nj-workers-during-covid-19/
20692,https://www.telensa.com/news/note-from-ceo-on-covid-19-we-are-open-for-business/
20704,https://www.tonicmag.com/sup-news/2020/03/app-world-tour-breaking-news-covid-19-impact-on-tour-dates/
20774,https://tylerpaper.com/ap/business/nasdaq-pledges-business-and-philanthropic-support-in-response-to-covid/article_4ef79b93-e9fe-5be4-bbdc-e1c83e91b680
20968,https://onlinenigeria.com/stories/76935-economic-effects-of-covid-19-bite-as-startups-lament
21007,https://stpeteinnovationdistrict.com/covid-19-resources-for-businesses/
21142,https://www.financialexpress.com/world-news/coronavirus-china-to-share-covid-19-data-with-us-says-donald-trump/1911960/
21253,https://www.pinsentmasons.com/out-law/guides/covid-19-uk-business-support-mechanisms
21362,https://jobs.localjobnetwork.com/employment-resources/detail/companies-currently-hiring-during-covid-19/11335
21427,https://clarienbank.com/2020/03/16/clarien-announces-covid-19-preparedness-and-economic-support-plans/
21458,https://economictimes.indiatimes.com/small-biz/startups/newsbuzz/covid-19-harried-etailers-look-to-deliver-the-goods/articleshow/74820615
21562,https://noticiasbancarias.com/economia-y-finanzas/26/03/2020/el-bde-opina-que-el-impacto-del-covid-19-sera-transitorio/208547
21754,"https://www.economist.com/sites/default/files/20200314_BLP506.jpg"",""__typename"":""URL""},""__typename"":""Content""},""__typename"":""Media"",""promo"":null}},{""url"":{""canonical"":""https://www.economist.com/business/2020/03/14/chinese-companies-rush-to-produce-anti-covid-kit"
21767,https://www.financialexpress.com/auto/industry/ferrari-to-resume-production-in-italy-14-april-coronavirus-covid19-pandemic-lockdown/1912028/
21781,https://www.freightwaves.com/news/atri-ooida-want-fast-responses-to-survey-on-covid-19-trucking-impacts
21801,https://www.hxzgcrusher.com/blog/how-does-the-covid-19-impact-the-world-mining-industry
22084,https://efrainmartinezfigueroa.com/2020/03/27/urge-un-programa-economico-y-financiero-del-sector-gobierno-social-y-privado-para-contener-el-impacto-del-covid-19-postura/
22151,https://insights.weareeverise.com/covid-19-impact-briefing-24-march
22209,https://mopays.com/2020/03/28/covid-19-maurice-le-point-2/
22408,https://www.currencyfair.com/au/covid-19-australian-business-rebate/
22437,https://www.fortsaskatchewanrecord.com/pmn/press-releases-pmn/business-wire-news-releases-pmn/mary-kay-manufactures-donates-hand-sanitizer-to-combat-covid-19-pandemic/wcm/5d5e5c2e-1c31-4125-84a7-2272103d22f4
22481,https://www.konitono.com/business-closures-rise-due-to-covid-19/
22514,https://www.mytotalretail.com/article/ways-retail-businesses-are-responding-to-the-ongoing-covid-19-crisis/
122,https://economictimes.indiatimes.com/magazines/panache/dhoni-donates-rs-1-lakh-to-fight-covid-19-faces-the-wrath-of-twitter-netizens-say-his-net-worth-is-rs-800-cr/articleshow/74844456
159,https://app.livestorm.co/payfit/covid-19-comment-gerer-les-impacts-avec-payfit
190,https://kysdc.com/3792143/stimulus-package-coronavirus-covid-19/
665,https://06880danwoog.com/2020/03/21/covid-19-roundup-virtual-dance-party-tonight-face-mask-collection-business-news-how-to-help-staples-rocks-the-ospreys-and-more/
994,https://www.123articleonline.com/articles/1180877/covid-19-business-relief-resources
1024,https://www.beefmagazine.com/sites/beefmagazine.com/files/styles/tax_top_story_main_retina/public/covid-19-ag-market-impact-1205872351_0
1038,https://www.canadianinvestor.com/2020/03/25/liberals-rejig-benefits-for-workers-affected-by-covid-19/
1113,https://www.jpmorganchase.com/corporate/news/pr/jpmc-makes-50mm-philanthropic-investment-to-address-impacts-of-covid-19
1136,https://www.hawaiibusiness.com/covid-19-deep-kine-kitchen-cleaning/
1172,https://www.khaama.com/preventive-strategies-for-covid-19-in-afghanistan-876896/
1265,https://www.samericatrade.com/os-impactos-do-coronavirus-covid-19-no-comex/
1426,https://chartable.com/podcasts/rn-breakfast-separate-stories-podcast/episodes/51498693-how-will-australias-sporting-codes-survive-the-covid19-pandemic
1481,https://forums.garmin.com/sports-fitness/healthandwellness/f/vivoactive-4-series/218749/corona-virus-use-oximeter-and-respiration-rate-to-measure-status-of-covid-19-illness
1588,https://news.metal.com/newscontent/101048794/smm-evening-comments-mar-25-shanghai-base-metals-extended-rally-as-us-reached-covid-19-stimulus-deal/
1589,https://news.yahoo.com/western-union-provides-impact-covid-205800698
1598,https://noticiasya.com/san-diego/2020/03/27/ayuda-economica-para-indocumentados-afectados-por-covid-19-en-san-diego/
1793,https://www.eubusiness.com/news-eu/ppe-covid-procurement
1794,https://www.expedeasy.com/blog/covid-19-quels-sont-les-impacts-sur-la-livraison-de-colis-850/
1843,https://www.jewishamericanheritagemonth.com/sephardic-2/with-passover-around-the-corner-seward-parks-orthodox-jews-feel-the-impacts-of-covid-19-southseattleemerald-com
1979,https://www.themonitor.com/2020/03/27/legislators-laud-house-passage-2-trillion-covid-19-stimulus-bill/
2045,https://agilethought.com/blog/articles/bonus-podcast-discussing-covid-19-strategies-christy-erbeck/
2047,https://alphanewsmn.com/mpls-police-post-tips-for-businesses-to-prevent-burglary-robbery-and-looting-amid-covid-19-shutdown/
2100,https://delawarebusinessnow.com/2020/03/city-of-newark-announces-changes-aimed-at-limiting-spread-of-covid-19/
2162,https://go2hir.com/covid-19-help-for-individuals-and-businesses-cares-act-passes/
2308,https://theaccountancycloud.com/news/accountancy-cloud-partners-with-swoop-financial-to-provide-financial-support-during-covid19
2621,https://www.rumberger.com/insights/covid-19-navigating-a-pandemic-a-practical-guide-for-businesses/
2665,https://www.videlio.com/business-news/videlio-information-covid-19/
2687,https://turcopolier.typepad.com/sic_semper_tyrannis/2020/03/congress-passes-a-money-virus-bill-while-britain-downgrades-covid-19
2767,https://business.financialpost.com/transportation/autos/magna-to-make-masks-seeks-approval-for-sanitizing-device-as-2000-canadian-firms-step-up-to-fight-covid-19
2775,https://clarkstonconsulting.com/insights/impact-of-covid-19-on-retailers/
2836,https://navbharattimes.indiatimes.com/business/business-news/more-than-dozen-bank-announce-covid-19-emergency-credit-line/articleshow/74834287
3185,https://www.itmonroe.com/coronavirus-response-act-requires-businesses-to-pay-sick-leave-for-covid-19/
3295,https://www.smart-energy.com/industry-sectors/business-finance-regulation/pge-donates-1-million-900000-masks-for-california-covid-19-relief/
3322,https://www.thewesterlysun.com/news/covid-19/block-island-orders-lockdown-rhode-island-jobless-claims-surge/article_d2a2d43e-24b5-5a92-9d55-694b600bc2ee
3758,https://www.cxovoice.com/organizations-should-follow-5-phase-approach-for-resilient-business-continuity-during-covid-19-disruptions-gartner/
3805,https://www.hockessincommunitynews.com/news/20200325/wsfs-bank-ready-to-support-customers-impacted-by-covid-19
4053,https://business.financialpost.com/news/economy/they-are-completely-intertwined-tentative-signs-of-recovery-in-china-help-some-canadian-companies-weather-covid-19-storm
4340,https://www.bellevuereporter.com/business/covid-19-gathering-restriction-delays-funerals/
4521,https://www.nquest.com/2020/03/how-businesses-are-impacted-by-covid-19/
4561,https://www.revlocal.com/blog/digital-marketing/why-local-businesses-are-going-all-in-with-digital-marketing-during-covid-19
4563,https://www.riskscreen.com/kyc360/news/canadas-money-laundering-monitor-now-triaging-reporting-process-by-covid-19-hit-businesses/
4786,https://gravitypayments.com/highlights/irs-covid-19-tax-news-for-small-business/
4857,https://nairobiwire.com/2020/03/state-interventions-to-cushion-kenyans-against-economic-effects-of-covid-19-full-statement
5097,https://www.irishtimes.com/news/environment/benign-impact-of-covid-19-on-air-quality-and-carbon-emissions-1
5455,https://loyaltytraveler.boardingarea.com/2020/03/10/best-western-rewards-extends-2019-elite-status-through-jan-31-2022-due-to-covid-19-impact-on-global-travel/
5514,https://realmoney.thestreet.com/jim-cramer/jim-cramer-what-can-t-covid-19-stop-the-cloud-15274370
5518,https://recruitingheadlines.com/covid-19-workplace-impact-and-employer-faqs-the-families-first-coronavirus-response-act/
5554,https://theeconomiccollapseblog.com/archives/tag/covid-19
5559,https://theloadstar.com/llamasoft-announces-services-to-accelerate-recovery-from-covid-19-supply-chain-disruption/
5989,https://climateimpactcompany.com/climate-covid-19/
6017,https://ekbis.sindonews.com/read/1570663/34/kkp-siapkan-strategi-antisipasi-dampak-covid-19-bagi-usaha-perikanan-1585346596
6073,https://media.suara.com/pictures/90x90/2020/03/20/37268-tangkapan-layar-video-warga-berupaya-cabut-baligo-maklumat-peniadaan-salat-jumat-terkait-covid-19-di
6371,https://corporate.aldi.us/en/newsroom/aldi-covid-19-updates/aldi-store-update-march-25-2020/
6482,https://www.schroders.com/en/bm/asset-management/insights/economic-views/what-impact-is-covid-19-having-on-global-economies-and-markets/
6665,https://english.lokmat.com/maharashtra/equity-indices-jump-on-rs-17-lakh-crore-stimulus-package-to-tide-over-covid-19-fallout/amp/
6678,https://fordhamobserver.com/45051/coronavirus-coverage/covid-19-impacts-student-and-aramark-employees/
6773,https://navbharattimes.indiatimes.com/video/business/covid19-rbi-encourages-digital-payments-to-minimise-coronavirus-exposure/videoshow/74656007
6839,https://torontosun.com/opinion/columnists/goldstein-trudeau-battling-to-quell-economic-fears-caused-by-covid-19
7022,https://www.keebles.com/business/services-by-sector/coronavirus-covid-19/
7030,https://www.lavocedinewyork.com/en/news/2020/03/26/coronavirus-covid-19-lombardy-italian-region-shows-the-highest-mortality-rate-worldwide-why/
7086,https://www.spglobal.com/ratings/en/research/articles/200317-economic-research-covid-19-macroeconomic-update-the-global-recession-is-here-and-now-11392265
7103,https://www.schroders.com/en/uk/insurance/insights/markets/what-impact-is-covid-19-having-on-global-economies-and-markets/
7116,https://www.smart-energy.com/industry-sectors/business-finance-regulation/carbon-emissions-impacted-by-covid-19/
7125,https://www.sportressofblogitude.com/2020/03/18/ny-mayor-irate-nets-players-covid-19-tests-before-sick/
7145,https://www.thehindubusinessline.com/blink/cover/in-the-time-of-covid-19-song-sung-blue/article31182579
7423,https://www.msn.com/en-ca/money/topstories/federal-deficit-to-top-dollar112-billion-in-coming-year-due-to-covid-19-pbo-says/ar-BB11Nlnl
7536,https://www.argophilia.com/news/thousands-of-tourism-jobs-at-risk-in-greece-over-covid-19-pandemic/225336/
7581,https://www.csindy.com/coloradosprings/colorado-springs-utilities-bracing-for-covid-19s-impact/Content
7629,https://www.hawaiibusiness.com/hawaii-startups-cope-with-covid19/
7699,https://www.newhope.com/news/55-new-stimulus-bill-support-farmers-grocery-store-workers-test-positive-covid-19
7796,https://www.walb.com/video/2020/03/26/state-representative-speaks-covid-impact/
8021,https://news4winnipeg.com/manitoba-setting-up-border-checkpoints-due-to-covid-19/
8070,https://soneparcanada.com/covid-19-our-priority-and-the-impact-on-the-supply-chain/
8163,https://www.business-standard.com/article/current-affairs/coronavirus-live-updates-covid-19-cases-death-toll-in-india-lockdown-section-144-in-delhi-maharashtra-us-italy-wuhan-latest-news-120032300112_1
8206,"https://www.economist.com/sites/default/files/20200314_BLP506.jpg"",""__typename"":""URL""},""__typename"":""Content""},""__typename"":""Media""},""print"":null},{""url"":{""canonical"":""https://www.economist.com/business/2020/03/14/chinese-companies-rush-to-produce-anti-covid-kit"
8237,https://globalcapital.euromoneycdn.com/v-eeb8987bf0974d94d85db977165026d0/Media/images/euroweek/covid-19-graphics/Covid
8259,https://www.integratedmortgageplanners.com/blog/mortgage-product-commentary/10-key-points-about-deferred-mortgage-payment-programs-covid-19/
8389,https://www.thewonderfulworldofdance.com/balletboyz-artistic-directors-michael-nunn-william-trevitt-celebrate-20-years-deluxe-despite-covid-19
8483,https://blog.cargobr.com/covid-19-impacto-nas-vendas/
8644,https://medapplications.com/the-impact-of-covid-19-on-international-medical-graduates-img/
8728,https://selfsuccesstips.com/2020/03/26/why-businesses-must-rely-on-digital-marketing-to-beat-covid-19-edgy-labs/
8778,https://uniquelypinoy.com/trending-news/these-utilities-are-allowing-delayed-payments-in-light-of-covid-19/
8809,https://www.123articleonline.com/articles/1180967/how-to-avoid-the-spread-of-covid-19-in-your-business-organization
8906,https://www.ecjlaw.com/ecj-blog/covid-19-benefits-chart-for-california-employers
8925,https://business.financialpost.com/news/economy/the-great-canadian-bailout-here-are-ottawas-options-to-help-canadians-amid-covid-19
9008,https://www.moneycontrol.com/news/india/coronavirus-pandemic-pm-narendra-modi-calls-up-mamata-banerjee-praises-wb-govts-role-in-fighting-covid-19-5082201
9091,https://www.thecollegianur.com/article/2020/03/impact-of-covid-19-athletics
9344,https://nationalpost.com/news/canada/covid-19-trudeau-announces-increased-wage-subsidy-for-businesses
9396,https://senseiivan.wordpress.com/2020/03/13/a-todos-los-karatekas-covid-19/87486504_3116261828386822_8173883055656665088_n/
9472,https://www.actionforex.com/contributors/fundamental-analysis/283297-the-weekly-bottom-line-fiscal-stimulus-on-the-way-as-us-covid-19-cases-surpass-china/
9581,https://www.storagedirect.com/blogs/covid-19-business-update/
9596,https://www.integrapeople.com/news/2020/03/covid-19-announcement-business-as-usual/312
9814,https://appledoreresearch.com/2020/03/27/covid-19-impact-to-telecom-supply-chain-muted/
9927,https://greenwoodacrescampground.com/march-24-2020-covid-19-impact-update/
10025,"https://podcasts.apple.com/ie/podcast/mm020-surviving-covid-19-and-the-coming-recession/id1216554435?i=1000469730306"",""websiteUrl"":""http://modestmillions.com/mm020-surviving-covid-19-and-the-coming-recession/"
10037,https://selfsuccesstips.com/2020/03/25/how-to-navigate-your-digital-marketing-presence-during-covid-19-business-2-community/
10198,"https://www.twitter.com/ConoverChris\""},\""insert\"":\""Twitter\""},{\""insert\"":\"".\\n\""}]"",""image"":""https://specials-images.forbesimg.com/imageserve/5e7e6caef40ef500079f8936/960x0.jpg"",""type"":""blog"",""uri"":""https://www.forbes.com/sites/theapothecary/2020/03/27/how-economists-calculate-the-costs-and-benefits-of-covid-19-lockdowns/"
10356,https://www.thehindubusinessline.com/opinion/india-inc-needs-more-tax-breaks-during-covid/article31179073
10375,https://www.wbaltv.com/article/report-saints-head-coach-sean-payton-tells-espn-he-tested-positive-for-covid-19/31789321
10633,https://nucleuscommercialfinance.com/blog/coronavirus-a-checklist-on-how-businesses-can-manage-covid-19
10657,https://refugiodelalma.com/la-crisis-del-covid-19-estrategias-emocionales-para-vivir-la-cuarentena-en-casa
10805,https://www.digitaltrends.com/cool-tech/covid-19-pandemic-donotpay/
10850,https://www.fourstateshomepage.com/news/neosho-pharmacy-among-businesses-to-offer-curbside-delivery-other-amenities-in-wake-of-covid-19-pandemic/
10874,https://www.ihireAdvertising.com/careeradvice/pages/covid-19-job-search-career-resources
10945,https://www.pays-de-blain.com/actualites/pandemie-du-coronavirus-covid-19-les-precautions-prises-par-le-pays-de-blain/
10954,https://www.politico.com/video/2020/03/27/stimulus-coronavirus-covid19-trump-congress-070271
11013,https://www.topepics.com/financial-institution-alfalah-clears-the-air-by-saying-danger-mitigation-technique-within-the-wake-of-covid-19-pandemic/
11050,https://s3.amazonaws.com/npemedialearn/wp-content/uploads/2020/03/covid-19-coronavirus-fitness-business-tile-610x319
11139,https://economictimes.indiatimes.com/hindi/news/covid19-rules-and-regulation-of-lockdown/articleshow/74805491
11390,https://www.baltimoresun.com/coronavirus/ct-nw-coronavirus-covid-19-stimulus-package-20200327-lop4m3j7ujc4tfnvrhmvb4qmli-story
11510,https://www.law.com/international-edition/2020/03/26/more-uk-listed-firms-slash-salaries-payouts-to-halt-covid-19-losses/
11572,https://www.americanexpress.com/en-us/business/trends-and-insights/articles/how-to-lead-employees-through-covid-19-and-social-distancing/
11638,https://www.topnewsphil.com/wp-content/uploads/2020/03/look-kathryn-bernardo-celebrates-birthday-at-home-amid-covid-19-lockdown
11789,https://fraternallaw.com/news/covid-19-services-and-insights
11864,https://medapplications.com/the-impact-of-covid-19-on-medical-school-education-how-the-virus-is-impacting-medical-schools/
11971,https://tech.economictimes.indiatimes.com/news/corporate/where-india-stands-in-its-fight-against-covid-19/74813893
12000,https://viewthevibe.com/covid-19_coronavirus_stronger-together-toronto-businesses-step-up-to-help/
12118,https://www.financialexpress.com/economy/covid-19-packages-will-take-care-of-both-people-corporates-rajiv-kumar-vice-chairman-niti-aayog/1911842/
12218,https://www.ominecaexpress.com/news/covid-19-update-for-canada-march-23-50000-fine-for-vancouver-businesses/amp/
12286,https://www.thegazellenews.com/2020/03/27/covid-19-sanwo-olu-targets-200000-households-in-first-phase-of-economic-palliative-for-residents/
12330,https://www2.deltadentalwa.com/provider/ddwa-member-dentist-covid-19-financial-support
12503,https://lebouzeguenepost.com/covid-19-plus-de-7-500-citoyens-algeriens-rapatries-vers-le-pays/
12515,https://www.cbssports.com/mlb/news/mlb-mlbpa-reach-agreement-on-draft-service-time-salary-advances-amid-covid-19-pandemic/
12621,https://trikmenangpoker.com/upaya-dalam-menekan-penyebaran-covid-19/
12658,https://www.agriorbit.com/how-asf-and-covid-19-are-impacting-the-pork-industry/
12893,https://www.schroders.com/en/insights/economics/what-impact-is-covid-19-having-on-global-economies-and-markets/
13102,https://headtopics.com/fr/macron-en-appelle-a-la-solidarite-budgetaire-de-l-ue-face-au-covid-19-12119562
13156,https://mabelnaija.com/nigeria-news/covid-19-nigeria-may-soon-go-into-recession-zainab-reveals/
13586,https://www.topnewsphil.com/look-kathryn-bernardo-celebrates-birthday-at-home-amid-covid-19-lockdown/
13749,https://e-camara.com/web/presentacion-del-programa-de-estabilizacion-economica-covid-19-del-gobierno-de-luxemburgo-del-pasado-miercoles-25-de-marzo/
13932,https://sharethelex.com/articles_and_guides/how-to-support-local-businesses-during-covid-19/
13972,https://theschoolab.com/management-strategie-innovation/8-startup-innovantes-en-periode-de-covid-19
14114,https://www.fortsaskatchewanrecord.com/news/canadas-dirty-money-and-terrorist-financing-monitor-now-triaging-reporting-process-by-covid-19-hit-businesses/wcm/e5d7aad5-4607-4fb9-a675-7949c08f5775
14115,https://business.financialpost.com/news/economy/liberals-rejig-benefits-for-workers-affected-by-covid-19
14754,https://www.economist.com/finance-and-economics/2020/03/12/the-challenge-of-addressing-covid-19s-economic-effects-in-europe
14810,https://www.arkansasbusiness.com/article/130488/live-gov-asa-hutchinson-health-officials-to-give-update-on-covid-19-response
14841,https://www.msn.com/en-us/money/smallbusiness/louisville-businesses-spreading-positive-messages-amid-covid-19-pandemic/vi-BB11ODPO
14887,https://lawandcrime.com/covid-19-pandemic/trump-axed-congressionally-mandated-pandemic-recovery-oversight-with-stimulus-bill-signing-statement/
15115,https://emorywheel.com/fraternities-reprimanded-amid-covid-19-scare-for-hosting-parties/
15325,https://www.addleshawgoddard.com/en/insights/insights-briefings/2020/restructuring/covid-corporate-financing-facility/
15408,"https://schema.org"",""@type"":""itemList"",""itemListElement"":[{""@type"":""listItem"",""position"":1,""url"":""https://www.economist.com/briefing/2020/03/26/countries-are-using-apps-and-data-networks-to-keep-tabs-on-the-pandemic""},{""@type"":""listItem"",""position"":2,""url"":""https://www.economist.com/briefing/2020/03/26/rich-countries-try-radical-economic-policies-to-counter-covid-19"
15416,https://www.eriereader.com/article/trump-covid19-conferences-let-there-be-factcheckers
15536,https://blog.politologue.com/post/2020/02/25/coronavirus-covid19-evolution-dans-le-monde-et-par-pays
16063,https://www.grisiandbudde.com/news/coronavirus/7-guidelines-for-divorced-separated-parents-sharing-custody-during-the-covid-19-outbreak/
16168,https://www.refrigeratedfrozenfood.com/articles/99161-amid-covid-19-pandemic-fresh-del-monte-produce-assures-customers-uninterrupted-access-to-fruits-and-vegetables
16191,https://www.snopes.com/fact-check/cattle-vaccine-covid-19/
16215,https://www.timeoffcloud.com/blog/time-off-cloud-is-offering-assistance-to-companies-impacted-by-covid-19/
16333,https://cryptonewsmonitor.com/2020/03/24/in-us-covid-19-stimulus-bill-hope-not-lost-for-digital-dollar/
16357,https://etradewire.com/news/free-online-small-business-covid-19-resources
16521,https://suffolklaw.com/business-interruptions-part-ii-what-if-there-is-no-force-majeure-clause-other-responses-to-covid-19-contract-breaches/
16539,https://therealdeal.com/2020/03/20/coronavirus-cascade-how-covid-19-disruption-could-impact-multifamily-landlords-lenders/
16642,https://www.diariolibre.com/actualidad/internacional/nueva-york-supera-los-30000-casos-de-covid-19-y-alerta-del-agujero-economico-GN17920053
16719,https://www.husskie.com/how-one-pr-agency-is-staying-on-top-of-business-during-covid-19/
16806,https://www.primepublishers.com/voicesnews/news/top_stories/monroe-school-board-discusses-schools-covid--plans-budget/article_937e8eda-6dee-11ea-9a71-c3a8e1bbd77c
16813,https://www.pymnts.com/news/2020/covid-19-job-losses-jpmc-shutters-branches/
16945,https://blog.shannonfabrics.com/blog/tips-for-retail-businesses-coronavirus-covid-19
16990,https://duboiscountyherald.com/b/kimball-international-responds-to-covid-19-impact
17175,https://smartpeopleiknow.com/2020/03/24/are-you-a-canadian-business-wanting-a-primer-on-canadas-covid-19-economic-response-plan/
17330,https://www.food-management.com/k-12-schools/covid-19-s-impact-largest-school-districts-country
17402,https://www.louisiananorthshore.com/about/about-stptcc/covid-19-small-business-resources/
17496,https://www.theoctopusnews.com/covid-19-government-should-promote-online-shopping-to-curtail-spread-job-losses/
17604,https://canada.constructconnect.com/joc/news/economic/2020/03/deep-concerns-about-covid-19s-impact-on-canadian-supply-chain-as-borders-close
17810,https://recruitingheadlines.com/covid-19-will-create-demand-for-and-shortage-of-manufacturing-jobs/
17873,https://usanewssite.com/news/intel-says-covid-19-could-cause-a-global-recession-as-it-looks-to-raise-8-billion-in-a-bond-offering-intc/
17917,https://www.usatoday.com/story/news/health/2020/03/04/fact-check-cattle-vaccine-not-related-new-coronavirus-covid-19/4945163002/
17990,https://www.exlservice.com/News/exl-releases-statement-on-covid19-impact-and-withdraws-2020-guidance
18193,https://www.zgportal.com/zgbusiness/dvoje-zaposlenika-zagrebacke-banke-pozitivno-na-virus-covid-19/
18813,https://www.thewonderfulworldofdance.com/balletboyz-artistic-directors-michael-nunn-william-trevitt-celebrate-20-years-despite-covid-19
18823,https://www.tribunnews.com/kesehatan/2020/03/23/halodoc-gojek-dan-kemenkes-siapkan-layanan-telemedicine-check-covid-19
16,https://edmontonsun.com/business/covid-19-tourism-calgary-temporarily-lays-off-60-per-cent-of-staff/wcm/34af1f46-c7e7-45d5-b12c-172cf13656e4
19,https://theblog.adobe.com/adobe-enables-distance-learning-globally-schools-impacted-covid-19
37,https://atrix.com/2020/03/26/atrix-will-remain-open-we-are-an-essential-business-covid-19-update/
201,https://www.computerworld.com/article/3533548/google-suspends-chrome-upgrades-as-covid-19-impacts-software-schedules
306,https://veramoreiracomunicacao.wordpress.com/2020/03/19/advogado-elabora-e-book-gratuito-com-impactos-do-covid-19-na-lei-trabalhista/feed/
408,https://www.dipromin.com/noticias/standard-poors-pone-en-revision-la-calificacion-de-minsur-por-impacto-de-covid-19/
526,https://www.nantonnews.com/news/local-news/canadian-government-takes-measures-to-support-businesses-during-covid-19-pandemic-2
540,https://static5.businessinsider.com/image/5e7d06c31378e305065f889b/this-video-shows-what-its-like-to-be-tested-at-one-of-verilys-covid-19-drive-thrus
696,https://asianlite.com/news/uk-news/covid-19-strategy-hypocrisy-thy-name-is-tories/
698,https://asymmetric-advisors.com/prolonged-negative-impact-of-covid-19-raises-doubts-about-v-shaped-recovery-scenarios/
814,https://group.jumia.com/jumia-implements-contactless-delivery-and-cashless-payments-in-response-to-the-covid-19-in-africa/
1363,https://www.prnewswire.com/news-releases/apcela-accelerates-expansion-of-cisco-palo-alto-vpns-to-support-covid-19-remote-workers-301030446
1575,https://news784.com/local-news/nis-response-to-covid-19-advance-pension-payments/
1767,https://www.financialexpress.com/lifestyle/health/countries-must-prepare-sustainable-logistics-to-deliver-covid-19-vaccine-expert/1912099/
1812,https://www.indiatvnews.com/news/india/covid19-district-wise-positive-cases-india-check-complete-list-coronavirus-lockdown-602310
2190,https://techcrunch.com/2020/03/27/cares-act-stimulus-package-covid-19/
2236,https://statelibraryeclips.wordpress.com/2020/03/27/covid-19-stimulus-bill-what-it-means-for-states/
2358,https://www.dailyyonder.com/in-last-jobs-report-before-covid-19-rural-economy-remains-tepid/2020/03/23/
2395,https://www.freep.com/story/money/cars/2020/03/25/coronavirus-covid-19-roush-2-workers-test-positive/5084135002/
2517,https://www.saanichnews.com/news/trudeau-announces-75-wage-subsidy-for-small-businesses-amid-covid-19/
2782,https://www.khou.com/article/news/health/coronavirus/how-do-i-file-for-unemployment-in-texas-due-to-covid-19/285-a7ee5287-dc88-4ccc-bcb5-5d1eea831695
2893,https://thefinancialbodyguard.com/wp-content/uploads/2020/03/covid-19-4884862_640
3218,https://economictimes.indiatimes.com/industry/healthcare/biotech/healthcare/covid-19-icmr-invites-bids-for-antibody-kit-for-virus-diagnosis/articleshow/74818887
3241,https://advicoach.com/blog/2020/03/26/your-covid19-business-checklist/
3575,https://www.abajournal.com/news/article/afternoon-briefs-larry-klayman-files-20t-suit-against-china-aba-backs-covid-19-money-for-lsc
3897,https://www.sdbj.com/news/2020/mar/26/seqster-launches-covid-19-symptom-checker/
4268,https://www.checkinhoteles.com/es/noticias/comunicado-importante-sobre-el-covid-19
4317,https://www.forbes.com/sites/enriquedans/2020/03/27/as-covid-19-forces-millions-of-us-to-work-from-home-which-are-the-best-tools-for-thejob/
4419,https://www.nfib.com/content/news/alabama/ways-to-help-small-businesses-during-the-covid-19-crisis/
4433,https://www.pgi.com/blog/2020/03/keeping-your-business-operating-during-the-covid-19-outbreak/
4443,https://www.mlssoccer.com/post/2020/03/19/fc-dallas-reggie-cannon-admits-covid-19-pandemic-will-likely-impact-potential-summer
4539,https://www.zgportal.com/zgbusiness/poslovne-odluke-grupacije-emirates-kao-odgovor-na-covid-19/feed/
4628,https://delawarebusinessnow.com/2020/03/carney-signs-executive-order-that-offers-more-flexibility-for-child-care-providers-in-dealing-with-covid-19/
4907,https://www.bdlaw.com/emergency-planning-and-response/publications/covid-19-impacts-on-legal-system-business-and-environmental-compliance-in-massachusetts/
4985,https://www.euractiv.com/section/coronavirus/news/european-tourism-sector-urges-measures-to-mitigate-covid-19-impact/
5111,https://www.phoenixtechnologyit.com/how-businesses-are-impacted-by-covid-19/
5168,https://www.templemagazines.com/post/malta-business-aviation-covid-19
5324,https://correodelsur.com/seguridad/20200327_covid-19-murillo-pide-a-la-fiscalia-acciones-contra-el-alcalde-de-trinidad
5360,https://kjk.com/2020/03/16/ohio-unemployment-regulations-relaxed-in-response-to-covid-19/
5461,https://palembang.tribunnews.com/2020/03/26/pemkot-palembang-perbanyak-bilik-sterilisasi-upaya-pencegahan-virus-corona-covid-19
5538,https://urangminang.com/cdc-business-sector-call-for-covid-19-february-21-2020/
5567,https://www.360visibility.com/covid-19-business-continuity-plan/
5648,https://www.deccanherald.com/national/north-and-central/coronavirus-bsp-mp-extends-financial-assistance-for-covid-19-from-his-mplads-fund-818190
5909,https://1businessworld.com/2020/03/business-news-india/oppo-extends-warranty-support-amid-covid-19-pandemic/
6300,https://www.financialexpress.com/jobs/covid-19-companies-recruitment-strategy-shift-to-virtual-platforms/1906988/
6440,https://www.soularchmedia.com/dont-panic-pivot-announcements-ways-video-can-help-businesses-affected-by-covid-19/
6690,https://metrodailyng.com/2020/03/25/evaluating-impact-of-covid-19-on-aviation-sector/
7104,https://www.wga.com/blog/covid-19-impact-food-supply-chain
150,https://impaxam.com/news-and-views/blog/business-continuity-and-covid-19/
244,https://podcasts.apple.com/us/podcast/emergency-episode-covid-19-and-maintaining-your-business/id383084001
253,https://rebeliometro.com/2020/03/06/experto-juan-carlos-carvallo-pm-says-jamaica-ready-to-deal-with-impact-of-covid-19/feed/
322,https://wbng.com/2020/03/25/financial-tip-of-the-week-impact-of-covid-19/
405,https://www.devdiscourse.com/article/business/979557-covid-19-nppa-asks-states-uts-to-ensure-unobstructed-movement-of-stock-manpower
573,https://www.globalrestructuringwatch.com/2020/03/weathering-the-storm-the-impact-of-covid-19-on-the-hospitality-industry-and-the-path-forward/
730,https://buletinindonesianews.com/cegah-covid-19-hli-adakan-upaya-pencegahan-dengan-desinfektan-kerumah-warga/
746,https://techcrunch.com/2020/03/05/microsoft-will-pay-hourly-workers-regular-wages-even-if-their-hours-are-reduced-because-of-covid-19-concerns/
765,https://news.sky.com/story/coronavirus-why-germany-has-such-a-low-covid-19-death-rate-11964051
869,https://newsismybusiness.com/progyn-health-dept-launch-1st-registry-in-u-s-of-covid-19-positive-pregnant-women/
1091,https://www.gardaretired.com/welfare-payments-covid-19/
1624,https://wkow.com/2020/03/18/gov-request-loan-assistance-for-small-businesses-impacted-by-covid-19/
2117,https://ghananewss.com/kantanka-assures-ghanaians-for-a-possible-antidote-for-covid-19-from-his-team-soon-check-what-he-said/
2215,https://pakistannewsindex.com/karachi/relaxation-in-foreign-exchange-regulations-to-facilitate-imports-against-advance-payment-and-open-account-amid-covid-19-pandemic/
2341,https://www.bluefountainmedia.com/blog/covid-19-our-commitment-business-continuity
2409,https://www.gatofuns.com/tag/established-business-led-alliance-against-covid-19-to-carry-out-coverage-of-its-projects/
2623,https://alphanewsmn.com/mn-republicans-governor-covid-19-small-businesses-unconstitutional/
2676,https://depor.com/futbol-internacional/espana/coronavirus-fc-barcelona-martin-braithwaite-a-la-premier-league-ante-crisis-economica-para-2021-covid-19-noticia/
2707,https://fraternallaw.com/newsletter2/novel-corona-virus-covid-19
2746,https://hsfnotes.com/insurance/2020/03/27/covid-19-pra-and-fca-guidance-on-key-workers-in-financial-services/
3041,https://www.graphiline.com/article/33379/des-prets-garantis-par-l-etat-pour-toutes-les-entreprises-impactees-par-le-covid-19
3075,https://www.jiujitsutimes.com/purple-belt-clinical-microbiologist-discusses-the-impact-of-covid-19-on-bjj-with-lachlan-giles/
3106,https://www.mckissock.com/blog/appraisal/fannie-mae-on-impact-of-covid-19/
3258,https://meetfabric.com/blog/worried-about-coronavirus-5-financial-moves-for-the-age-of-covid-19
3306,https://cifrasonlinecomve.wordpress.com/2020/03/25/directora-del-diario-la-verdad-debe-ir-a-fiscalia-por-informar-sobre-el-covid-19/
3311,https://communityimpact.com/houston/cy-fair/coronavirus/2020/03/26/data-cases-recovery-rates-and-death-rates-for-covid-19-in-the-greater-houston-area/
3319,https://www.daily-journal.com/business/postman-launches-covid--api-resource-center/article_00d71025-261c-592c-b17a-b6567b91937e
3430,https://mopays.com/2020/03/28/video-covid-19-rodrigues-lordre-de-confinement-suivi-a-la-lettre/
3467,https://ottawasun.com/news/national/new-nursing-home-cluster-amid-rising-covid-deaths-and-economic-gloom/wcm/0e7936db-8f96-40e4-9256-29be9003d691
3778,https://www.okemahnewsleader.com/2020/03/18/federal-disaster-loans-available-to-small-businesses-impacted-by-covid-19/
3848,https://www.thehindubusinessline.com/news/science/uoh-faculty-designs-potential-covid-19-vaccine-candidates/article31182935
3859,https://www.usatoday.com/story/money/2020/03/20/macys-apple-can-they-reopen-soon-as-coronavirus-covid-19-spreads/2875041001/
4433,https://www.morganlewis.com/pubs/covid-19-fda-permits-healthcare-providers-to-forgo-certain-risk-evaluation-mitigation-strategies
4470,https://www.practicecfo.com/financial-moves-you-can-make-now-to-deal-with-covid-19/
4610,https://actubusinessangels.com/2020/03/20/covid-19-recapitulatif-des-mesures-economiques-mises-en-place/
4639,https://biv.com/video/why-fintechs-fear-covid-19-relief-package-may-not-be-enough-small-businesses
4648,https://brownfieldagnews.com/rural-issues/the-impact-covid-19-could-have-on-agriculture/
4804,https://newsismybusiness.com/cvs-pharmacy-adjusts-operational-hours-in-puerto-rico-in-response-to-covid-19/
4887,https://themazatlanpost.com/2020/03/26/uber-will-provide-financial-support-to-drivers-and-deliverers-who-test-positive-for-covid-19/
4896,https://uproxx.com/prowrestling/impact-wrestling-nwa-mlw-postpone-events-covid-19/
5225,https://50skyshades.com/images/xs/embraer-to-collaborate-on-technologies-and-solutions-to-combat-covid-19-15911-9cjjMdFKIAdNe3JuZ8agycE0S
5269,https://ca.travelpulse.com/news/impacting-travel/cta-statement-on-vouchers-in-response-to-covid-19-crisis
5372,https://knowledge.mooreblatch.com/blog/guidance-for-employers-coronavirus-covid-19-and-employment-law
5433,https://or.milesplit.com/videos/443853/on-the-line-the-track-impact-of-covid-19
5466,https://www.windermere.com/blogs/windermere/posts/matthew-gardner-weekly-covid-19-housing-economic-update-3-23-2020
5518,https://veramoreiracomunicacao.wordpress.com/2020/03/19/advogado-elabora-e-book-gratuito-com-impactos-do-covid-19-na-lei-trabalhista/
5548,https://www.akingump.com/en/news-insights/covid-19-temporary-furloughs-impact-on-multiemployer-plan-withdrawal-liability
5641,https://www.financialexpress.com/lifestyle/science/indias-response-to-covid-19-pre-emptive-pro-active-graded-govt/1912090/
5764,https://www.schroders.com/nl/nl/institutioneel/nieuws-marktinformatie/markets/what-impact-is-covid-19-having-on-global-economies-and-markets/
6046,https://nationalpost.com/opinion/np-view-ottawa-has-been-too-slow-in-dealing-with-the-economic-impact-of-the-covid-19-crisis
6055,https://noticiaimpacto.com/internacional-murio-por-covid-19-un-jefe-de-unidad-antiterrorista-de-espana/
